mode,fold,selector,selector_type,auc,auc_gate_passed,proba_mean,proba_std,confidence_cut,confidence_allowed,precision,recall,signal_count,regime_allowed_count,regime_conf_allowed_count,trades,return_pct,win_rate,max_drawdown,sharpe,equity_final
threshold_unfiltered,1,0.5,threshold,0.5752024670552162,True,0.5288594961166382,0.13700132071971893,0.5699598923325538,True,0.3642720915448188,0.7091584158415841,1573,1604,741,46.0,-31.832284398835846,39.130434782608695,-39.09946630340796,,170.41928900291038
threshold_regime_filtered,1,0.5,threshold,0.5752024670552162,True,0.5288594961166382,0.13700132071971893,0.5699598923325538,True,0.41295546558704455,0.504950495049505,988,1604,741,20.0,-14.621542056198347,40.0,-19.867039352945127,,213.44614485950413
threshold_regime_confidence_filtered,1,0.5,threshold,0.5752024670552162,True,0.5288594961166382,0.13700132071971893,0.5699598923325538,True,0.41700404858299595,0.38242574257425743,741,1604,741,19.0,-12.00755131914043,42.10526315789473,-16.715191289431395,,219.98112170214893
threshold_unfiltered_auc_gated,1,0.5,threshold,0.5752024670552162,True,0.5288594961166382,0.13700132071971893,0.5699598923325538,True,0.3642720915448188,0.7091584158415841,1573,1604,741,46.0,-31.832284398835846,39.130434782608695,-39.09946630340796,,170.41928900291038
threshold_regime_filtered_auc_gated,1,0.5,threshold,0.5752024670552162,True,0.5288594961166382,0.13700132071971893,0.5699598923325538,True,0.41295546558704455,0.504950495049505,988,1604,741,20.0,-14.621542056198347,40.0,-19.867039352945127,,213.44614485950413
threshold_regime_confidence_filtered_auc_gated,1,0.5,threshold,0.5752024670552162,True,0.5288594961166382,0.13700132071971893,0.5699598923325538,True,0.41700404858299595,0.38242574257425743,741,1604,741,19.0,-12.00755131914043,42.10526315789473,-16.715191289431395,,219.98112170214893
threshold_unfiltered,1,0.55,threshold,0.5752024670552162,True,0.5288594961166382,0.13700132071971893,0.5699598923325538,True,0.38359375,0.6076732673267327,1280,1604,741,41.0,-29.03081670389667,39.02439024390244,-34.27129030533705,,177.42295824025834
threshold_regime_filtered,1,0.55,threshold,0.5752024670552162,True,0.5288594961166382,0.13700132071971893,0.5699598923325538,True,0.40941176470588236,0.4306930693069307,850,1604,741,21.0,-17.071796012639187,38.095238095238095,-20.548149608746826,,207.32050996840204
threshold_regime_confidence_filtered,1,0.55,threshold,0.5752024670552162,True,0.5288594961166382,0.13700132071971893,0.5699598923325538,True,0.41700404858299595,0.38242574257425743,741,1604,741,19.0,-12.00755131914043,42.10526315789473,-16.715191289431395,,219.98112170214893
threshold_unfiltered_auc_gated,1,0.55,threshold,0.5752024670552162,True,0.5288594961166382,0.13700132071971893,0.5699598923325538,True,0.38359375,0.6076732673267327,1280,1604,741,41.0,-29.03081670389667,39.02439024390244,-34.27129030533705,,177.42295824025834
threshold_regime_filtered_auc_gated,1,0.55,threshold,0.5752024670552162,True,0.5288594961166382,0.13700132071971893,0.5699598923325538,True,0.40941176470588236,0.4306930693069307,850,1604,741,21.0,-17.071796012639187,38.095238095238095,-20.548149608746826,,207.32050996840204
threshold_regime_confidence_filtered_auc_gated,1,0.55,threshold,0.5752024670552162,True,0.5288594961166382,0.13700132071971893,0.5699598923325538,True,0.41700404858299595,0.38242574257425743,741,1604,741,19.0,-12.00755131914043,42.10526315789473,-16.715191289431395,,219.98112170214893
threshold_unfiltered,1,0.6000000000000001,threshold,0.5752024670552162,True,0.5288594961166382,0.13700132071971893,0.5699598923325538,True,0.3970420932878271,0.4319306930693069,879,1604,741,31.0,-14.473454766118858,45.16129032258064,-19.34713942676578,,213.81636308470286
threshold_regime_filtered,1,0.6000000000000001,threshold,0.5752024670552162,True,0.5288594961166382,0.13700132071971893,0.5699598923325538,True,0.42586206896551726,0.3056930693069307,580,1604,741,20.0,-9.923824370380977,45.0,-16.390816860944657,,225.19043907404756
threshold_regime_confidence_filtered,1,0.6000000000000001,threshold,0.5752024670552162,True,0.5288594961166382,0.13700132071971893,0.5699598923325538,True,0.42586206896551726,0.3056930693069307,580,1604,741,20.0,-9.923824370380977,45.0,-16.390816860944657,,225.19043907404756
threshold_unfiltered_auc_gated,1,0.6000000000000001,threshold,0.5752024670552162,True,0.5288594961166382,0.13700132071971893,0.5699598923325538,True,0.3970420932878271,0.4319306930693069,879,1604,741,31.0,-14.473454766118858,45.16129032258064,-19.34713942676578,,213.81636308470286
threshold_regime_filtered_auc_gated,1,0.6000000000000001,threshold,0.5752024670552162,True,0.5288594961166382,0.13700132071971893,0.5699598923325538,True,0.42586206896551726,0.3056930693069307,580,1604,741,20.0,-9.923824370380977,45.0,-16.390816860944657,,225.19043907404756
threshold_regime_confidence_filtered_auc_gated,1,0.6000000000000001,threshold,0.5752024670552162,True,0.5288594961166382,0.13700132071971893,0.5699598923325538,True,0.42586206896551726,0.3056930693069307,580,1604,741,20.0,-9.923824370380977,45.0,-16.390816860944657,,225.19043907404756
threshold_unfiltered,1,0.6500000000000001,threshold,0.5752024670552162,True,0.5288594961166382,0.13700132071971893,0.5699598923325538,True,0.41379310344827586,0.22277227722772278,435,1604,741,28.0,-11.599355395679334,46.42857142857143,-18.263322852164055,,221.00161151080167
threshold_regime_filtered,1,0.6500000000000001,threshold,0.5752024670552162,True,0.5288594961166382,0.13700132071971893,0.5699598923325538,True,0.45517241379310347,0.16336633663366337,290,1604,741,18.0,0.9337302533188109,55.55555555555556,-10.227716775278894,,252.33432563329703
threshold_regime_confidence_filtered,1,0.6500000000000001,threshold,0.5752024670552162,True,0.5288594961166382,0.13700132071971893,0.5699598923325538,True,0.45517241379310347,0.16336633663366337,290,1604,741,18.0,0.9337302533188109,55.55555555555556,-10.227716775278894,,252.33432563329703
threshold_unfiltered_auc_gated,1,0.6500000000000001,threshold,0.5752024670552162,True,0.5288594961166382,0.13700132071971893,0.5699598923325538,True,0.41379310344827586,0.22277227722772278,435,1604,741,28.0,-11.599355395679334,46.42857142857143,-18.263322852164055,,221.00161151080167
threshold_regime_filtered_auc_gated,1,0.6500000000000001,threshold,0.5752024670552162,True,0.5288594961166382,0.13700132071971893,0.5699598923325538,True,0.45517241379310347,0.16336633663366337,290,1604,741,18.0,0.9337302533188109,55.55555555555556,-10.227716775278894,,252.33432563329703
threshold_regime_confidence_filtered_auc_gated,1,0.6500000000000001,threshold,0.5752024670552162,True,0.5288594961166382,0.13700132071971893,0.5699598923325538,True,0.45517241379310347,0.16336633663366337,290,1604,741,18.0,0.9337302533188109,55.55555555555556,-10.227716775278894,,252.33432563329703
threshold_unfiltered,1,0.7000000000000002,threshold,0.5752024670552162,True,0.5288594961166382,0.13700132071971893,0.5699598923325538,True,0.4305555555555556,0.07673267326732673,144,1604,741,17.0,-1.3756748798002718,52.94117647058824,-9.616841312580625,,246.56081280049932
threshold_regime_filtered,1,0.7000000000000002,threshold,0.5752024670552162,True,0.5288594961166382,0.13700132071971893,0.5699598923325538,True,0.5777777777777777,0.06435643564356436,90,1604,741,10.0,3.0745183968192125,60.0,-6.080346085240585,,257.68629599204803
threshold_regime_confidence_filtered,1,0.7000000000000002,threshold,0.5752024670552162,True,0.5288594961166382,0.13700132071971893,0.5699598923325538,True,0.5777777777777777,0.06435643564356436,90,1604,741,10.0,3.0745183968192125,60.0,-6.080346085240585,,257.68629599204803
threshold_unfiltered_auc_gated,1,0.7000000000000002,threshold,0.5752024670552162,True,0.5288594961166382,0.13700132071971893,0.5699598923325538,True,0.4305555555555556,0.07673267326732673,144,1604,741,17.0,-1.3756748798002718,52.94117647058824,-9.616841312580625,,246.56081280049932
threshold_regime_filtered_auc_gated,1,0.7000000000000002,threshold,0.5752024670552162,True,0.5288594961166382,0.13700132071971893,0.5699598923325538,True,0.5777777777777777,0.06435643564356436,90,1604,741,10.0,3.0745183968192125,60.0,-6.080346085240585,,257.68629599204803
threshold_regime_confidence_filtered_auc_gated,1,0.7000000000000002,threshold,0.5752024670552162,True,0.5288594961166382,0.13700132071971893,0.5699598923325538,True,0.5777777777777777,0.06435643564356436,90,1604,741,10.0,3.0745183968192125,60.0,-6.080346085240585,,257.68629599204803
threshold_unfiltered,1,0.7500000000000002,threshold,0.5752024670552162,True,0.5288594961166382,0.13700132071971893,0.5699598923325538,True,0.5238095238095238,0.04084158415841584,63,1604,741,11.0,5.6113083997197695,63.63636363636363,-6.787498916240331,,264.0282709992994
threshold_regime_filtered,1,0.7500000000000002,threshold,0.5752024670552162,True,0.5288594961166382,0.13700132071971893,0.5699598923325538,True,0.7714285714285715,0.03341584158415842,35,1604,741,7.0,12.652504787898602,85.71428571428571,-4.804000726125102,,281.6312619697465
threshold_regime_confidence_filtered,1,0.7500000000000002,threshold,0.5752024670552162,True,0.5288594961166382,0.13700132071971893,0.5699598923325538,True,0.7714285714285715,0.03341584158415842,35,1604,741,7.0,12.652504787898602,85.71428571428571,-4.804000726125102,,281.6312619697465
threshold_unfiltered_auc_gated,1,0.7500000000000002,threshold,0.5752024670552162,True,0.5288594961166382,0.13700132071971893,0.5699598923325538,True,0.5238095238095238,0.04084158415841584,63,1604,741,11.0,5.6113083997197695,63.63636363636363,-6.787498916240331,,264.0282709992994
threshold_regime_filtered_auc_gated,1,0.7500000000000002,threshold,0.5752024670552162,True,0.5288594961166382,0.13700132071971893,0.5699598923325538,True,0.7714285714285715,0.03341584158415842,35,1604,741,7.0,12.652504787898602,85.71428571428571,-4.804000726125102,,281.6312619697465
threshold_regime_confidence_filtered_auc_gated,1,0.7500000000000002,threshold,0.5752024670552162,True,0.5288594961166382,0.13700132071971893,0.5699598923325538,True,0.7714285714285715,0.03341584158415842,35,1604,741,7.0,12.652504787898602,85.71428571428571,-4.804000726125102,,281.6312619697465
threshold_unfiltered,1,0.8000000000000003,threshold,0.5752024670552162,True,0.5288594961166382,0.13700132071971893,0.5699598923325538,True,0.4782608695652174,0.013613861386138614,23,1604,741,2.0,5.073875929478778,100.0,-3.796998655513184,,262.68468982369694
threshold_regime_filtered,1,0.8000000000000003,threshold,0.5752024670552162,True,0.5288594961166382,0.13700132071971893,0.5699598923325538,True,1.0,0.012376237623762377,10,1604,741,2.0,5.103686978318956,100.0,-2.1721424640153253,,262.7592174457974
threshold_regime_confidence_filtered,1,0.8000000000000003,threshold,0.5752024670552162,True,0.5288594961166382,0.13700132071971893,0.5699598923325538,True,1.0,0.012376237623762377,10,1604,741,2.0,5.103686978318956,100.0,-2.1721424640153253,,262.7592174457974
threshold_unfiltered_auc_gated,1,0.8000000000000003,threshold,0.5752024670552162,True,0.5288594961166382,0.13700132071971893,0.5699598923325538,True,0.4782608695652174,0.013613861386138614,23,1604,741,2.0,5.073875929478778,100.0,-3.796998655513184,,262.68468982369694
threshold_regime_filtered_auc_gated,1,0.8000000000000003,threshold,0.5752024670552162,True,0.5288594961166382,0.13700132071971893,0.5699598923325538,True,1.0,0.012376237623762377,10,1604,741,2.0,5.103686978318956,100.0,-2.1721424640153253,,262.7592174457974
threshold_regime_confidence_filtered_auc_gated,1,0.8000000000000003,threshold,0.5752024670552162,True,0.5288594961166382,0.13700132071971893,0.5699598923325538,True,1.0,0.012376237623762377,10,1604,741,2.0,5.103686978318956,100.0,-2.1721424640153253,,262.7592174457974
topk_unfiltered,1,0.03,top_k_fraction,0.5752024670552162,True,0.5288594961166382,0.13700132071971893,0.5699598923325538,True,0.5066666666666667,0.04702970297029703,75,1604,741,12.0,8.277953559719435,66.66666666666666,-6.787498916240331,,270.6948838992986
topk_regime_filtered,1,0.03,top_k_fraction,0.5752024670552162,True,0.5288594961166382,0.13700132071971893,0.5699598923325538,True,0.6875,0.04084158415841584,48,1604,741,6.0,9.816986867238437,83.33333333333334,-4.804000726125102,,274.5424671680961
topk_regime_confidence_filtered,1,0.03,top_k_fraction,0.5752024670552162,True,0.5288594961166382,0.13700132071971893,0.5699598923325538,True,0.8181818181818182,0.022277227722772276,22,1604,741,4.0,10.445715957978928,100.0,-2.1770188327652207,,276.1142898949473
topk_unfiltered_auc_gated,1,0.03,top_k_fraction,0.5752024670552162,True,0.5288594961166382,0.13700132071971893,0.5699598923325538,True,0.5066666666666667,0.04702970297029703,75,1604,741,12.0,8.277953559719435,66.66666666666666,-6.787498916240331,,270.6948838992986
topk_regime_filtered_auc_gated,1,0.03,top_k_fraction,0.5752024670552162,True,0.5288594961166382,0.13700132071971893,0.5699598923325538,True,0.6875,0.04084158415841584,48,1604,741,6.0,9.816986867238437,83.33333333333334,-4.804000726125102,,274.5424671680961
topk_regime_confidence_filtered_auc_gated,1,0.03,top_k_fraction,0.5752024670552162,True,0.5288594961166382,0.13700132071971893,0.5699598923325538,True,0.8181818181818182,0.022277227722772276,22,1604,741,4.0,10.445715957978928,100.0,-2.1770188327652207,,276.1142898949473
topk_unfiltered,1,0.05,top_k_fraction,0.5752024670552162,True,0.5288594961166382,0.13700132071971893,0.5699598923325538,True,0.432,0.06683168316831684,125,1604,741,15.0,-0.9948826859804057,53.333333333333336,-8.878277858761486,,247.51279328504899
topk_regime_filtered,1,0.05,top_k_fraction,0.5752024670552162,True,0.5288594961166382,0.13700132071971893,0.5699598923325538,True,0.6,0.0594059405940594,80,1604,741,10.0,3.0745183968192125,60.0,-6.080346085240585,,257.68629599204803
topk_regime_confidence_filtered,1,0.05,top_k_fraction,0.5752024670552162,True,0.5288594961166382,0.13700132071971893,0.5699598923325538,True,0.7567567567567568,0.034653465346534656,37,1604,741,7.0,12.74128780481858,85.71428571428571,-4.804000726125102,,281.85321951204645
topk_unfiltered_auc_gated,1,0.05,top_k_fraction,0.5752024670552162,True,0.5288594961166382,0.13700132071971893,0.5699598923325538,True,0.432,0.06683168316831684,125,1604,741,15.0,-0.9948826859804057,53.333333333333336,-8.878277858761486,,247.51279328504899
topk_regime_filtered_auc_gated,1,0.05,top_k_fraction,0.5752024670552162,True,0.5288594961166382,0.13700132071971893,0.5699598923325538,True,0.6,0.0594059405940594,80,1604,741,10.0,3.0745183968192125,60.0,-6.080346085240585,,257.68629599204803
topk_regime_confidence_filtered_auc_gated,1,0.05,top_k_fraction,0.5752024670552162,True,0.5288594961166382,0.13700132071971893,0.5699598923325538,True,0.7567567567567568,0.034653465346534656,37,1604,741,7.0,12.74128780481858,85.71428571428571,-4.804000726125102,,281.85321951204645
topk_unfiltered,1,0.075,top_k_fraction,0.5752024670552162,True,0.5288594961166382,0.13700132071971893,0.5699598923325538,True,0.40641711229946526,0.09405940594059406,187,1604,741,17.0,-1.481775946040375,52.94117647058824,-8.740330234249583,,246.29556013489906
topk_regime_filtered,1,0.075,top_k_fraction,0.5752024670552162,True,0.5288594961166382,0.13700132071971893,0.5699598923325538,True,0.5166666666666667,0.07673267326732673,120,1604,741,10.0,2.962158930039118,60.0,-5.98238560378257,,257.4053973250978
topk_regime_confidence_filtered,1,0.075,top_k_fraction,0.5752024670552162,True,0.5288594961166382,0.13700132071971893,0.5699598923325538,True,0.6363636363636364,0.043316831683168314,55,1604,741,6.0,3.9183654928986926,66.66666666666666,-4.804000726125102,,259.79591373224673
topk_unfiltered_auc_gated,1,0.075,top_k_fraction,0.5752024670552162,True,0.5288594961166382,0.13700132071971893,0.5699598923325538,True,0.40641711229946526,0.09405940594059406,187,1604,741,17.0,-1.481775946040375,52.94117647058824,-8.740330234249583,,246.29556013489906
topk_regime_filtered_auc_gated,1,0.075,top_k_fraction,0.5752024670552162,True,0.5288594961166382,0.13700132071971893,0.5699598923325538,True,0.5166666666666667,0.07673267326732673,120,1604,741,10.0,2.962158930039118,60.0,-5.98238560378257,,257.4053973250978
topk_regime_confidence_filtered_auc_gated,1,0.075,top_k_fraction,0.5752024670552162,True,0.5288594961166382,0.13700132071971893,0.5699598923325538,True,0.6363636363636364,0.043316831683168314,55,1604,741,6.0,3.9183654928986926,66.66666666666666,-4.804000726125102,,259.79591373224673
topk_unfiltered,1,0.1,top_k_fraction,0.5752024670552162,True,0.5288594961166382,0.13700132071971893,0.5699598923325538,True,0.412,0.12747524752475248,250,1604,741,20.0,0.40329497909878,55.00000000000001,-11.342709949533337,,251.00823744774695
topk_regime_filtered,1,0.1,top_k_fraction,0.5752024670552162,True,0.5288594961166382,0.13700132071971893,0.5699598923325538,True,0.46875,0.09282178217821782,160,1604,741,12.0,8.065414647997567,66.66666666666666,-7.218628284752193,,270.1635366199939
topk_regime_confidence_filtered,1,0.1,top_k_fraction,0.5752024670552162,True,0.5288594961166382,0.13700132071971893,0.5699598923325538,True,0.5945945945945946,0.054455445544554455,74,1604,741,9.0,6.069698201418782,66.66666666666666,-5.209492072626309,,265.17424550354696
topk_unfiltered_auc_gated,1,0.1,top_k_fraction,0.5752024670552162,True,0.5288594961166382,0.13700132071971893,0.5699598923325538,True,0.412,0.12747524752475248,250,1604,741,20.0,0.40329497909878,55.00000000000001,-11.342709949533337,,251.00823744774695
topk_regime_filtered_auc_gated,1,0.1,top_k_fraction,0.5752024670552162,True,0.5288594961166382,0.13700132071971893,0.5699598923325538,True,0.46875,0.09282178217821782,160,1604,741,12.0,8.065414647997567,66.66666666666666,-7.218628284752193,,270.1635366199939
topk_regime_confidence_filtered_auc_gated,1,0.1,top_k_fraction,0.5752024670552162,True,0.5288594961166382,0.13700132071971893,0.5699598923325538,True,0.5945945945945946,0.054455445544554455,74,1604,741,9.0,6.069698201418782,66.66666666666666,-5.209492072626309,,265.17424550354696
topk_unfiltered,1,0.15,top_k_fraction,0.5752024670552162,True,0.5288594961166382,0.13700132071971893,0.5699598923325538,True,0.3973333333333333,0.1844059405940594,375,1604,741,26.0,-6.173804873080485,50.0,-13.247064923675156,,234.5654878172988
topk_regime_filtered,1,0.15,top_k_fraction,0.5752024670552162,True,0.5288594961166382,0.13700132071971893,0.5699598923325538,True,0.45,0.13366336633663367,240,1604,741,14.0,13.596363893137026,71.42857142857143,-6.441714820320577,,283.99090973284257
topk_regime_confidence_filtered,1,0.15,top_k_fraction,0.5752024670552162,True,0.5288594961166382,0.13700132071971893,0.5699598923325538,True,0.5045045045045045,0.06930693069306931,111,1604,741,10.0,2.962158930039118,60.0,-5.98238560378257,,257.4053973250978
topk_unfiltered_auc_gated,1,0.15,top_k_fraction,0.5752024670552162,True,0.5288594961166382,0.13700132071971893,0.5699598923325538,True,0.3973333333333333,0.1844059405940594,375,1604,741,26.0,-6.173804873080485,50.0,-13.247064923675156,,234.5654878172988
topk_regime_filtered_auc_gated,1,0.15,top_k_fraction,0.5752024670552162,True,0.5288594961166382,0.13700132071971893,0.5699598923325538,True,0.45,0.13366336633663367,240,1604,741,14.0,13.596363893137026,71.42857142857143,-6.441714820320577,,283.99090973284257
topk_regime_confidence_filtered_auc_gated,1,0.15,top_k_fraction,0.5752024670552162,True,0.5288594961166382,0.13700132071971893,0.5699598923325538,True,0.5045045045045045,0.06930693069306931,111,1604,741,10.0,2.962158930039118,60.0,-5.98238560378257,,257.4053973250978
threshold_unfiltered,2,0.5,threshold,0.5271524579713625,True,0.3305146098136902,0.12961454689502716,0.36939897388219833,True,0.2708333333333333,0.0768321513002364,240,1572,501,22.0,-11.693704812437351,45.45454545454545,-17.315870941846157,,220.76573796890662
threshold_regime_filtered,2,0.5,threshold,0.5271524579713625,True,0.3305146098136902,0.12961454689502716,0.36939897388219833,True,0.313953488372093,0.06382978723404255,172,1572,501,9.0,0.5118044202005422,55.55555555555556,-4.138787278735123,,251.27951105050136
threshold_regime_confidence_filtered,2,0.5,threshold,0.5271524579713625,True,0.3305146098136902,0.12961454689502716,0.36939897388219833,True,0.313953488372093,0.06382978723404255,172,1572,501,9.0,0.5118044202005422,55.55555555555556,-4.138787278735123,,251.27951105050136
threshold_unfiltered_auc_gated,2,0.5,threshold,0.5271524579713625,True,0.3305146098136902,0.12961454689502716,0.36939897388219833,True,0.2708333333333333,0.0768321513002364,240,1572,501,22.0,-11.693704812437351,45.45454545454545,-17.315870941846157,,220.76573796890662
threshold_regime_filtered_auc_gated,2,0.5,threshold,0.5271524579713625,True,0.3305146098136902,0.12961454689502716,0.36939897388219833,True,0.313953488372093,0.06382978723404255,172,1572,501,9.0,0.5118044202005422,55.55555555555556,-4.138787278735123,,251.27951105050136
threshold_regime_confidence_filtered_auc_gated,2,0.5,threshold,0.5271524579713625,True,0.3305146098136902,0.12961454689502716,0.36939897388219833,True,0.313953488372093,0.06382978723404255,172,1572,501,9.0,0.5118044202005422,55.55555555555556,-4.138787278735123,,251.27951105050136
threshold_unfiltered,2,0.55,threshold,0.5271524579713625,True,0.3305146098136902,0.12961454689502716,0.36939897388219833,True,0.23214285714285715,0.04609929078014184,168,1572,501,16.0,-15.29418693401691,37.5,-19.173130848816943,,211.76453266495773
threshold_regime_filtered,2,0.55,threshold,0.5271524579713625,True,0.3305146098136902,0.12961454689502716,0.36939897388219833,True,0.256,0.037825059101654845,125,1572,501,6.0,-1.5237987167995242,50.0,-6.397129770779031,,246.1905032080012
threshold_regime_confidence_filtered,2,0.55,threshold,0.5271524579713625,True,0.3305146098136902,0.12961454689502716,0.36939897388219833,True,0.256,0.037825059101654845,125,1572,501,6.0,-1.5237987167995242,50.0,-6.397129770779031,,246.1905032080012
threshold_unfiltered_auc_gated,2,0.55,threshold,0.5271524579713625,True,0.3305146098136902,0.12961454689502716,0.36939897388219833,True,0.23214285714285715,0.04609929078014184,168,1572,501,16.0,-15.29418693401691,37.5,-19.173130848816943,,211.76453266495773
threshold_regime_filtered_auc_gated,2,0.55,threshold,0.5271524579713625,True,0.3305146098136902,0.12961454689502716,0.36939897388219833,True,0.256,0.037825059101654845,125,1572,501,6.0,-1.5237987167995242,50.0,-6.397129770779031,,246.1905032080012
threshold_regime_confidence_filtered_auc_gated,2,0.55,threshold,0.5271524579713625,True,0.3305146098136902,0.12961454689502716,0.36939897388219833,True,0.256,0.037825059101654845,125,1572,501,6.0,-1.5237987167995242,50.0,-6.397129770779031,,246.1905032080012
threshold_unfiltered,2,0.6000000000000001,threshold,0.5271524579713625,True,0.3305146098136902,0.12961454689502716,0.36939897388219833,True,0.2605042016806723,0.03664302600472813,119,1572,501,12.0,-5.236414459018727,50.0,-9.918058779264049,,236.90896385245318
threshold_regime_filtered,2,0.6000000000000001,threshold,0.5271524579713625,True,0.3305146098136902,0.12961454689502716,0.36939897388219833,True,0.2647058823529412,0.031914893617021274,102,1572,501,5.0,1.4386529468199343,60.0,-3.5421439724943715,,253.59663236704984
threshold_regime_confidence_filtered,2,0.6000000000000001,threshold,0.5271524579713625,True,0.3305146098136902,0.12961454689502716,0.36939897388219833,True,0.2647058823529412,0.031914893617021274,102,1572,501,5.0,1.4386529468199343,60.0,-3.5421439724943715,,253.59663236704984
threshold_unfiltered_auc_gated,2,0.6000000000000001,threshold,0.5271524579713625,True,0.3305146098136902,0.12961454689502716,0.36939897388219833,True,0.2605042016806723,0.03664302600472813,119,1572,501,12.0,-5.236414459018727,50.0,-9.918058779264049,,236.90896385245318
threshold_regime_filtered_auc_gated,2,0.6000000000000001,threshold,0.5271524579713625,True,0.3305146098136902,0.12961454689502716,0.36939897388219833,True,0.2647058823529412,0.031914893617021274,102,1572,501,5.0,1.4386529468199343,60.0,-3.5421439724943715,,253.59663236704984
threshold_regime_confidence_filtered_auc_gated,2,0.6000000000000001,threshold,0.5271524579713625,True,0.3305146098136902,0.12961454689502716,0.36939897388219833,True,0.2647058823529412,0.031914893617021274,102,1572,501,5.0,1.4386529468199343,60.0,-3.5421439724943715,,253.59663236704984
threshold_unfiltered,2,0.6500000000000001,threshold,0.5271524579713625,True,0.3305146098136902,0.12961454689502716,0.36939897388219833,True,0.2696629213483146,0.028368794326241134,89,1572,501,6.0,-1.9262193037395718,50.0,-6.728957769327182,,245.18445174065107
threshold_regime_filtered,2,0.6500000000000001,threshold,0.5271524579713625,True,0.3305146098136902,0.12961454689502716,0.36939897388219833,True,0.2962962962962963,0.028368794326241134,81,1572,501,3.0,2.008774107479712,66.66666666666666,-3.2502446786180195,,255.02193526869928
threshold_regime_confidence_filtered,2,0.6500000000000001,threshold,0.5271524579713625,True,0.3305146098136902,0.12961454689502716,0.36939897388219833,True,0.2962962962962963,0.028368794326241134,81,1572,501,3.0,2.008774107479712,66.66666666666666,-3.2502446786180195,,255.02193526869928
threshold_unfiltered_auc_gated,2,0.6500000000000001,threshold,0.5271524579713625,True,0.3305146098136902,0.12961454689502716,0.36939897388219833,True,0.2696629213483146,0.028368794326241134,89,1572,501,6.0,-1.9262193037395718,50.0,-6.728957769327182,,245.18445174065107
threshold_regime_filtered_auc_gated,2,0.6500000000000001,threshold,0.5271524579713625,True,0.3305146098136902,0.12961454689502716,0.36939897388219833,True,0.2962962962962963,0.028368794326241134,81,1572,501,3.0,2.008774107479712,66.66666666666666,-3.2502446786180195,,255.02193526869928
threshold_regime_confidence_filtered_auc_gated,2,0.6500000000000001,threshold,0.5271524579713625,True,0.3305146098136902,0.12961454689502716,0.36939897388219833,True,0.2962962962962963,0.028368794326241134,81,1572,501,3.0,2.008774107479712,66.66666666666666,-3.2502446786180195,,255.02193526869928
threshold_unfiltered,2,0.7000000000000002,threshold,0.5271524579713625,True,0.3305146098136902,0.12961454689502716,0.36939897388219833,True,0.34545454545454546,0.022458628841607566,55,1572,501,4.0,-0.9410262025198108,50.0,-6.400356698886034,,247.64743449370047
threshold_regime_filtered,2,0.7000000000000002,threshold,0.5271524579713625,True,0.3305146098136902,0.12961454689502716,0.36939897388219833,True,0.3584905660377358,0.022458628841607566,53,1572,501,3.0,2.037865746759883,66.66666666666666,-2.929475611399701,,255.0946643668997
threshold_regime_confidence_filtered,2,0.7000000000000002,threshold,0.5271524579713625,True,0.3305146098136902,0.12961454689502716,0.36939897388219833,True,0.3584905660377358,0.022458628841607566,53,1572,501,3.0,2.037865746759883,66.66666666666666,-2.929475611399701,,255.0946643668997
threshold_unfiltered_auc_gated,2,0.7000000000000002,threshold,0.5271524579713625,True,0.3305146098136902,0.12961454689502716,0.36939897388219833,True,0.34545454545454546,0.022458628841607566,55,1572,501,4.0,-0.9410262025198108,50.0,-6.400356698886034,,247.64743449370047
threshold_regime_filtered_auc_gated,2,0.7000000000000002,threshold,0.5271524579713625,True,0.3305146098136902,0.12961454689502716,0.36939897388219833,True,0.3584905660377358,0.022458628841607566,53,1572,501,3.0,2.037865746759883,66.66666666666666,-2.929475611399701,,255.0946643668997
threshold_regime_confidence_filtered_auc_gated,2,0.7000000000000002,threshold,0.5271524579713625,True,0.3305146098136902,0.12961454689502716,0.36939897388219833,True,0.3584905660377358,0.022458628841607566,53,1572,501,3.0,2.037865746759883,66.66666666666666,-2.929475611399701,,255.0946643668997
threshold_unfiltered,2,0.7500000000000002,threshold,0.5271524579713625,True,0.3305146098136902,0.12961454689502716,0.36939897388219833,True,0.6923076923076923,0.010638297872340425,13,1572,501,2.0,-0.46303765118041157,50.0,-6.930759629984584,,248.84240587204897
threshold_regime_filtered,2,0.7500000000000002,threshold,0.5271524579713625,True,0.3305146098136902,0.12961454689502716,0.36939897388219833,True,0.6923076923076923,0.010638297872340425,13,1572,501,2.0,-0.46303765118041157,50.0,-6.930759629984584,,248.84240587204897
threshold_regime_confidence_filtered,2,0.7500000000000002,threshold,0.5271524579713625,True,0.3305146098136902,0.12961454689502716,0.36939897388219833,True,0.6923076923076923,0.010638297872340425,13,1572,501,2.0,-0.46303765118041157,50.0,-6.930759629984584,,248.84240587204897
threshold_unfiltered_auc_gated,2,0.7500000000000002,threshold,0.5271524579713625,True,0.3305146098136902,0.12961454689502716,0.36939897388219833,True,0.6923076923076923,0.010638297872340425,13,1572,501,2.0,-0.46303765118041157,50.0,-6.930759629984584,,248.84240587204897
threshold_regime_filtered_auc_gated,2,0.7500000000000002,threshold,0.5271524579713625,True,0.3305146098136902,0.12961454689502716,0.36939897388219833,True,0.6923076923076923,0.010638297872340425,13,1572,501,2.0,-0.46303765118041157,50.0,-6.930759629984584,,248.84240587204897
threshold_regime_confidence_filtered_auc_gated,2,0.7500000000000002,threshold,0.5271524579713625,True,0.3305146098136902,0.12961454689502716,0.36939897388219833,True,0.6923076923076923,0.010638297872340425,13,1572,501,2.0,-0.46303765118041157,50.0,-6.930759629984584,,248.84240587204897
threshold_unfiltered,2,0.8000000000000003,threshold,0.5271524579713625,True,0.3305146098136902,0.12961454689502716,0.36939897388219833,True,0.0,0.0,1,1572,501,1.0,-2.9310733663597035,0.0,-5.154346253503405,,242.67231658410074
threshold_regime_filtered,2,0.8000000000000003,threshold,0.5271524579713625,True,0.3305146098136902,0.12961454689502716,0.36939897388219833,True,0.0,0.0,1,1572,501,1.0,-2.9310733663597035,0.0,-5.154346253503405,,242.67231658410074
threshold_regime_confidence_filtered,2,0.8000000000000003,threshold,0.5271524579713625,True,0.3305146098136902,0.12961454689502716,0.36939897388219833,True,0.0,0.0,1,1572,501,1.0,-2.9310733663597035,0.0,-5.154346253503405,,242.67231658410074
threshold_unfiltered_auc_gated,2,0.8000000000000003,threshold,0.5271524579713625,True,0.3305146098136902,0.12961454689502716,0.36939897388219833,True,0.0,0.0,1,1572,501,1.0,-2.9310733663597035,0.0,-5.154346253503405,,242.67231658410074
threshold_regime_filtered_auc_gated,2,0.8000000000000003,threshold,0.5271524579713625,True,0.3305146098136902,0.12961454689502716,0.36939897388219833,True,0.0,0.0,1,1572,501,1.0,-2.9310733663597035,0.0,-5.154346253503405,,242.67231658410074
threshold_regime_confidence_filtered_auc_gated,2,0.8000000000000003,threshold,0.5271524579713625,True,0.3305146098136902,0.12961454689502716,0.36939897388219833,True,0.0,0.0,1,1572,501,1.0,-2.9310733663597035,0.0,-5.154346253503405,,242.67231658410074
topk_unfiltered,2,0.03,top_k_fraction,0.5271524579713625,True,0.3305146098136902,0.12961454689502716,0.36939897388219833,True,0.29333333333333333,0.026004728132387706,75,1572,501,6.0,-1.898547896079401,50.0,-6.702405869435046,,245.2536302598015
topk_regime_filtered,2,0.03,top_k_fraction,0.5271524579713625,True,0.3305146098136902,0.12961454689502716,0.36939897388219833,True,0.3617021276595745,0.02009456264775414,47,1572,501,3.0,2.0948287715196328,66.66666666666666,-3.1163465892097175,,255.23707192879908
topk_regime_confidence_filtered,2,0.03,top_k_fraction,0.5271524579713625,True,0.3305146098136902,0.12961454689502716,0.36939897388219833,True,0.6,0.010638297872340425,15,1572,501,3.0,2.0095614720797133,66.66666666666666,-3.11892356461021,,255.02390368019928
topk_unfiltered_auc_gated,2,0.03,top_k_fraction,0.5271524579713625,True,0.3305146098136902,0.12961454689502716,0.36939897388219833,True,0.29333333333333333,0.026004728132387706,75,1572,501,6.0,-1.898547896079401,50.0,-6.702405869435046,,245.2536302598015
topk_regime_filtered_auc_gated,2,0.03,top_k_fraction,0.5271524579713625,True,0.3305146098136902,0.12961454689502716,0.36939897388219833,True,0.3617021276595745,0.02009456264775414,47,1572,501,3.0,2.0948287715196328,66.66666666666666,-3.1163465892097175,,255.23707192879908
topk_regime_confidence_filtered_auc_gated,2,0.03,top_k_fraction,0.5271524579713625,True,0.3305146098136902,0.12961454689502716,0.36939897388219833,True,0.6,0.010638297872340425,15,1572,501,3.0,2.0095614720797133,66.66666666666666,-3.11892356461021,,255.02390368019928
topk_unfiltered,2,0.05,top_k_fraction,0.5271524579713625,True,0.3305146098136902,0.12961454689502716,0.36939897388219833,True,0.264,0.03900709219858156,125,1572,501,13.0,-8.030780496798616,46.15384615384615,-12.598108233149851,,229.92304875800346
topk_regime_filtered,2,0.05,top_k_fraction,0.5271524579713625,True,0.3305146098136902,0.12961454689502716,0.36939897388219833,True,0.3076923076923077,0.028368794326241134,78,1572,501,3.0,2.008774107479712,66.66666666666666,-3.2502446786180195,,255.02193526869928
topk_regime_confidence_filtered,2,0.05,top_k_fraction,0.5271524579713625,True,0.3305146098136902,0.12961454689502716,0.36939897388219833,True,0.44,0.013002364066193853,25,1572,501,3.0,2.0948306699190313,66.66666666666666,-3.1163465892097175,,255.23707667479758
topk_unfiltered_auc_gated,2,0.05,top_k_fraction,0.5271524579713625,True,0.3305146098136902,0.12961454689502716,0.36939897388219833,True,0.264,0.03900709219858156,125,1572,501,13.0,-8.030780496798616,46.15384615384615,-12.598108233149851,,229.92304875800346
topk_regime_filtered_auc_gated,2,0.05,top_k_fraction,0.5271524579713625,True,0.3305146098136902,0.12961454689502716,0.36939897388219833,True,0.3076923076923077,0.028368794326241134,78,1572,501,3.0,2.008774107479712,66.66666666666666,-3.2502446786180195,,255.02193526869928
topk_regime_confidence_filtered_auc_gated,2,0.05,top_k_fraction,0.5271524579713625,True,0.3305146098136902,0.12961454689502716,0.36939897388219833,True,0.44,0.013002364066193853,25,1572,501,3.0,2.0948306699190313,66.66666666666666,-3.1163465892097175,,255.23707667479758
topk_unfiltered,2,0.075,top_k_fraction,0.5271524579713625,True,0.3305146098136902,0.12961454689502716,0.36939897388219833,True,0.24598930481283424,0.054373522458628844,187,1572,501,17.0,-13.175712480137703,41.17647058823529,-17.151594789127966,,217.06071879965575
topk_regime_filtered,2,0.075,top_k_fraction,0.5271524579713625,True,0.3305146098136902,0.12961454689502716,0.36939897388219833,True,0.2564102564102564,0.03546099290780142,117,1572,501,6.0,3.9489426103994902,66.66666666666666,-3.1220943413768687,,259.8723565259987
topk_regime_confidence_filtered,2,0.075,top_k_fraction,0.5271524579713625,True,0.3305146098136902,0.12961454689502716,0.36939897388219833,True,0.35135135135135137,0.015366430260047281,37,1572,501,3.0,2.0948287715196328,66.66666666666666,-3.1163465892097175,,255.23707192879908
topk_unfiltered_auc_gated,2,0.075,top_k_fraction,0.5271524579713625,True,0.3305146098136902,0.12961454689502716,0.36939897388219833,True,0.24598930481283424,0.054373522458628844,187,1572,501,17.0,-13.175712480137703,41.17647058823529,-17.151594789127966,,217.06071879965575
topk_regime_filtered_auc_gated,2,0.075,top_k_fraction,0.5271524579713625,True,0.3305146098136902,0.12961454689502716,0.36939897388219833,True,0.2564102564102564,0.03546099290780142,117,1572,501,6.0,3.9489426103994902,66.66666666666666,-3.1220943413768687,,259.8723565259987
topk_regime_confidence_filtered_auc_gated,2,0.075,top_k_fraction,0.5271524579713625,True,0.3305146098136902,0.12961454689502716,0.36939897388219833,True,0.35135135135135137,0.015366430260047281,37,1572,501,3.0,2.0948287715196328,66.66666666666666,-3.1163465892097175,,255.23707192879908
topk_unfiltered,2,0.1,top_k_fraction,0.5271524579713625,True,0.3305146098136902,0.12961454689502716,0.36939897388219833,True,0.28,0.08274231678486997,250,1572,501,22.0,-11.693704812437351,45.45454545454545,-17.315870941846157,,220.76573796890662
topk_regime_filtered,2,0.1,top_k_fraction,0.5271524579713625,True,0.3305146098136902,0.12961454689502716,0.36939897388219833,True,0.3057324840764331,0.05673758865248227,157,1572,501,8.0,-2.0340197013997,50.0,-6.423765740262988,,244.91495074650075
topk_regime_confidence_filtered,2,0.1,top_k_fraction,0.5271524579713625,True,0.3305146098136902,0.12961454689502716,0.36939897388219833,True,0.36,0.02127659574468085,50,1572,501,3.0,2.0948287715196328,66.66666666666666,-3.1163465892097175,,255.23707192879908
topk_unfiltered_auc_gated,2,0.1,top_k_fraction,0.5271524579713625,True,0.3305146098136902,0.12961454689502716,0.36939897388219833,True,0.28,0.08274231678486997,250,1572,501,22.0,-11.693704812437351,45.45454545454545,-17.315870941846157,,220.76573796890662
topk_regime_filtered_auc_gated,2,0.1,top_k_fraction,0.5271524579713625,True,0.3305146098136902,0.12961454689502716,0.36939897388219833,True,0.3057324840764331,0.05673758865248227,157,1572,501,8.0,-2.0340197013997,50.0,-6.423765740262988,,244.91495074650075
topk_regime_confidence_filtered_auc_gated,2,0.1,top_k_fraction,0.5271524579713625,True,0.3305146098136902,0.12961454689502716,0.36939897388219833,True,0.36,0.02127659574468085,50,1572,501,3.0,2.0948287715196328,66.66666666666666,-3.1163465892097175,,255.23707192879908
topk_unfiltered,2,0.15,top_k_fraction,0.5271524579713625,True,0.3305146098136902,0.12961454689502716,0.36939897388219833,True,0.3546666666666667,0.15721040189125296,375,1572,501,27.0,-8.907932537779981,48.148148148148145,-18.14642484448703,,227.73016865555005
topk_regime_filtered,2,0.15,top_k_fraction,0.5271524579713625,True,0.3305146098136902,0.12961454689502716,0.36939897388219833,True,0.39148936170212767,0.10874704491725769,235,1572,501,12.0,2.602390975779349,58.333333333333336,-6.696221859983076,,256.5059774394484
topk_regime_confidence_filtered,2,0.15,top_k_fraction,0.5271524579713625,True,0.3305146098136902,0.12961454689502716,0.36939897388219833,True,0.32,0.028368794326241134,75,1572,501,3.0,2.037865746759883,66.66666666666666,-2.929475611399701,,255.0946643668997
topk_unfiltered_auc_gated,2,0.15,top_k_fraction,0.5271524579713625,True,0.3305146098136902,0.12961454689502716,0.36939897388219833,True,0.3546666666666667,0.15721040189125296,375,1572,501,27.0,-8.907932537779981,48.148148148148145,-18.14642484448703,,227.73016865555005
topk_regime_filtered_auc_gated,2,0.15,top_k_fraction,0.5271524579713625,True,0.3305146098136902,0.12961454689502716,0.36939897388219833,True,0.39148936170212767,0.10874704491725769,235,1572,501,12.0,2.602390975779349,58.333333333333336,-6.696221859983076,,256.5059774394484
topk_regime_confidence_filtered_auc_gated,2,0.15,top_k_fraction,0.5271524579713625,True,0.3305146098136902,0.12961454689502716,0.36939897388219833,True,0.32,0.028368794326241134,75,1572,501,3.0,2.037865746759883,66.66666666666666,-2.929475611399701,,255.0946643668997
threshold_unfiltered,3,0.5,threshold,0.5642739575454192,True,0.2697887122631073,0.15413296222686768,0.3160286009311676,True,0.46938775510204084,0.10672853828306264,196,1636,650,13.0,10.981898790419088,69.23076923076923,-5.411867253194636,,277.4547469760477
threshold_regime_filtered,3,0.5,threshold,0.5642739575454192,True,0.2697887122631073,0.15413296222686768,0.3160286009311676,True,0.49673202614379086,0.08816705336426914,153,1636,650,9.0,6.058999095298714,66.66666666666666,-4.149441795672326,,265.1474977382468
threshold_regime_confidence_filtered,3,0.5,threshold,0.5642739575454192,True,0.2697887122631073,0.15413296222686768,0.3160286009311676,True,0.49673202614379086,0.08816705336426914,153,1636,650,9.0,6.058999095298714,66.66666666666666,-4.149441795672326,,265.1474977382468
threshold_unfiltered_auc_gated,3,0.5,threshold,0.5642739575454192,True,0.2697887122631073,0.15413296222686768,0.3160286009311676,True,0.46938775510204084,0.10672853828306264,196,1636,650,13.0,10.981898790419088,69.23076923076923,-5.411867253194636,,277.4547469760477
threshold_regime_filtered_auc_gated,3,0.5,threshold,0.5642739575454192,True,0.2697887122631073,0.15413296222686768,0.3160286009311676,True,0.49673202614379086,0.08816705336426914,153,1636,650,9.0,6.058999095298714,66.66666666666666,-4.149441795672326,,265.1474977382468
threshold_regime_confidence_filtered_auc_gated,3,0.5,threshold,0.5642739575454192,True,0.2697887122631073,0.15413296222686768,0.3160286009311676,True,0.49673202614379086,0.08816705336426914,153,1636,650,9.0,6.058999095298714,66.66666666666666,-4.149441795672326,,265.1474977382468
threshold_unfiltered,3,0.55,threshold,0.5642739575454192,True,0.2697887122631073,0.15413296222686768,0.3160286009311676,True,0.5625,0.07308584686774942,112,1636,650,9.0,11.973833741058593,77.77777777777779,-5.388159360134692,,279.9345843526465
threshold_regime_filtered,3,0.55,threshold,0.5642739575454192,True,0.2697887122631073,0.15413296222686768,0.3160286009311676,True,0.5730337078651685,0.05916473317865429,89,1636,650,6.0,3.9996264093392027,66.66666666666666,-4.900557526157845,,259.999066023348
threshold_regime_confidence_filtered,3,0.55,threshold,0.5642739575454192,True,0.2697887122631073,0.15413296222686768,0.3160286009311676,True,0.5730337078651685,0.05916473317865429,89,1636,650,6.0,3.9996264093392027,66.66666666666666,-4.900557526157845,,259.999066023348
threshold_unfiltered_auc_gated,3,0.55,threshold,0.5642739575454192,True,0.2697887122631073,0.15413296222686768,0.3160286009311676,True,0.5625,0.07308584686774942,112,1636,650,9.0,11.973833741058593,77.77777777777779,-5.388159360134692,,279.9345843526465
threshold_regime_filtered_auc_gated,3,0.55,threshold,0.5642739575454192,True,0.2697887122631073,0.15413296222686768,0.3160286009311676,True,0.5730337078651685,0.05916473317865429,89,1636,650,6.0,3.9996264093392027,66.66666666666666,-4.900557526157845,,259.999066023348
threshold_regime_confidence_filtered_auc_gated,3,0.55,threshold,0.5642739575454192,True,0.2697887122631073,0.15413296222686768,0.3160286009311676,True,0.5730337078651685,0.05916473317865429,89,1636,650,6.0,3.9996264093392027,66.66666666666666,-4.900557526157845,,259.999066023348
threshold_unfiltered,3,0.6000000000000001,threshold,0.5642739575454192,True,0.2697887122631073,0.15413296222686768,0.3160286009311676,True,0.5909090909090909,0.04524361948955916,66,1636,650,7.0,6.478761251598645,71.42857142857143,-4.189191141449622,,266.1969031289966
threshold_regime_filtered,3,0.6000000000000001,threshold,0.5642739575454192,True,0.2697887122631073,0.15413296222686768,0.3160286009311676,True,0.625,0.04060324825986079,56,1636,650,5.0,1.3376773682588579,60.0,-4.770898913948384,,253.34419342064714
threshold_regime_confidence_filtered,3,0.6000000000000001,threshold,0.5642739575454192,True,0.2697887122631073,0.15413296222686768,0.3160286009311676,True,0.625,0.04060324825986079,56,1636,650,5.0,1.3376773682588579,60.0,-4.770898913948384,,253.34419342064714
threshold_unfiltered_auc_gated,3,0.6000000000000001,threshold,0.5642739575454192,True,0.2697887122631073,0.15413296222686768,0.3160286009311676,True,0.5909090909090909,0.04524361948955916,66,1636,650,7.0,6.478761251598645,71.42857142857143,-4.189191141449622,,266.1969031289966
threshold_regime_filtered_auc_gated,3,0.6000000000000001,threshold,0.5642739575454192,True,0.2697887122631073,0.15413296222686768,0.3160286009311676,True,0.625,0.04060324825986079,56,1636,650,5.0,1.3376773682588579,60.0,-4.770898913948384,,253.34419342064714
threshold_regime_confidence_filtered_auc_gated,3,0.6000000000000001,threshold,0.5642739575454192,True,0.2697887122631073,0.15413296222686768,0.3160286009311676,True,0.625,0.04060324825986079,56,1636,650,5.0,1.3376773682588579,60.0,-4.770898913948384,,253.34419342064714
threshold_unfiltered,3,0.6500000000000001,threshold,0.5642739575454192,True,0.2697887122631073,0.15413296222686768,0.3160286009311676,True,0.6304347826086957,0.033642691415313224,46,1636,650,6.0,4.006005935959229,66.66666666666666,-5.1258820899152795,,260.0150148398981
threshold_regime_filtered,3,0.6500000000000001,threshold,0.5642739575454192,True,0.2697887122631073,0.15413296222686768,0.3160286009311676,True,0.6341463414634146,0.030162412993039442,41,1636,650,3.0,2.0081992716798935,66.66666666666666,-4.42302781610735,,255.02049817919973
threshold_regime_confidence_filtered,3,0.6500000000000001,threshold,0.5642739575454192,True,0.2697887122631073,0.15413296222686768,0.3160286009311676,True,0.6341463414634146,0.030162412993039442,41,1636,650,3.0,2.0081992716798935,66.66666666666666,-4.42302781610735,,255.02049817919973
threshold_unfiltered_auc_gated,3,0.6500000000000001,threshold,0.5642739575454192,True,0.2697887122631073,0.15413296222686768,0.3160286009311676,True,0.6304347826086957,0.033642691415313224,46,1636,650,6.0,4.006005935959229,66.66666666666666,-5.1258820899152795,,260.0150148398981
threshold_regime_filtered_auc_gated,3,0.6500000000000001,threshold,0.5642739575454192,True,0.2697887122631073,0.15413296222686768,0.3160286009311676,True,0.6341463414634146,0.030162412993039442,41,1636,650,3.0,2.0081992716798935,66.66666666666666,-4.42302781610735,,255.02049817919973
threshold_regime_confidence_filtered_auc_gated,3,0.6500000000000001,threshold,0.5642739575454192,True,0.2697887122631073,0.15413296222686768,0.3160286009311676,True,0.6341463414634146,0.030162412993039442,41,1636,650,3.0,2.0081992716798935,66.66666666666666,-4.42302781610735,,255.02049817919973
threshold_unfiltered,3,0.7000000000000002,threshold,0.5642739575454192,True,0.2697887122631073,0.15413296222686768,0.3160286009311676,True,0.6785714285714286,0.022041763341067284,28,1636,650,3.0,7.78884711455944,100.0,-1.610775007923737,,269.4721177863986
threshold_regime_filtered,3,0.7000000000000002,threshold,0.5642739575454192,True,0.2697887122631073,0.15413296222686768,0.3160286009311676,True,0.6923076923076923,0.02088167053364269,26,1636,650,1.0,2.5031212651197166,100.0,-0.7561598864400443,,256.2578031627993
threshold_regime_confidence_filtered,3,0.7000000000000002,threshold,0.5642739575454192,True,0.2697887122631073,0.15413296222686768,0.3160286009311676,True,0.6923076923076923,0.02088167053364269,26,1636,650,1.0,2.5031212651197166,100.0,-0.7561598864400443,,256.2578031627993
threshold_unfiltered_auc_gated,3,0.7000000000000002,threshold,0.5642739575454192,True,0.2697887122631073,0.15413296222686768,0.3160286009311676,True,0.6785714285714286,0.022041763341067284,28,1636,650,3.0,7.78884711455944,100.0,-1.610775007923737,,269.4721177863986
threshold_regime_filtered_auc_gated,3,0.7000000000000002,threshold,0.5642739575454192,True,0.2697887122631073,0.15413296222686768,0.3160286009311676,True,0.6923076923076923,0.02088167053364269,26,1636,650,1.0,2.5031212651197166,100.0,-0.7561598864400443,,256.2578031627993
threshold_regime_confidence_filtered_auc_gated,3,0.7000000000000002,threshold,0.5642739575454192,True,0.2697887122631073,0.15413296222686768,0.3160286009311676,True,0.6923076923076923,0.02088167053364269,26,1636,650,1.0,2.5031212651197166,100.0,-0.7561598864400443,,256.2578031627993
threshold_unfiltered,3,0.7500000000000002,threshold,0.5642739575454192,True,0.2697887122631073,0.15413296222686768,0.3160286009311676,True,0.4444444444444444,0.004640371229698376,9,1636,650,1.0,2.5031212651197166,100.0,-0.7561598864400443,,256.2578031627993
threshold_regime_filtered,3,0.7500000000000002,threshold,0.5642739575454192,True,0.2697887122631073,0.15413296222686768,0.3160286009311676,True,0.4444444444444444,0.004640371229698376,9,1636,650,1.0,2.5031212651197166,100.0,-0.7561598864400443,,256.2578031627993
threshold_regime_confidence_filtered,3,0.7500000000000002,threshold,0.5642739575454192,True,0.2697887122631073,0.15413296222686768,0.3160286009311676,True,0.4444444444444444,0.004640371229698376,9,1636,650,1.0,2.5031212651197166,100.0,-0.7561598864400443,,256.2578031627993
threshold_unfiltered_auc_gated,3,0.7500000000000002,threshold,0.5642739575454192,True,0.2697887122631073,0.15413296222686768,0.3160286009311676,True,0.4444444444444444,0.004640371229698376,9,1636,650,1.0,2.5031212651197166,100.0,-0.7561598864400443,,256.2578031627993
threshold_regime_filtered_auc_gated,3,0.7500000000000002,threshold,0.5642739575454192,True,0.2697887122631073,0.15413296222686768,0.3160286009311676,True,0.4444444444444444,0.004640371229698376,9,1636,650,1.0,2.5031212651197166,100.0,-0.7561598864400443,,256.2578031627993
threshold_regime_confidence_filtered_auc_gated,3,0.7500000000000002,threshold,0.5642739575454192,True,0.2697887122631073,0.15413296222686768,0.3160286009311676,True,0.4444444444444444,0.004640371229698376,9,1636,650,1.0,2.5031212651197166,100.0,-0.7561598864400443,,256.2578031627993
threshold_unfiltered,3,0.8000000000000003,threshold,0.5642739575454192,True,0.2697887122631073,0.15413296222686768,0.3160286009311676,True,0.0,0.0,0,1636,650,0.0,0.0,,-0.0,,250.0
threshold_regime_filtered,3,0.8000000000000003,threshold,0.5642739575454192,True,0.2697887122631073,0.15413296222686768,0.3160286009311676,True,0.0,0.0,0,1636,650,0.0,0.0,,-0.0,,250.0
threshold_regime_confidence_filtered,3,0.8000000000000003,threshold,0.5642739575454192,True,0.2697887122631073,0.15413296222686768,0.3160286009311676,True,0.0,0.0,0,1636,650,0.0,0.0,,-0.0,,250.0
threshold_unfiltered_auc_gated,3,0.8000000000000003,threshold,0.5642739575454192,True,0.2697887122631073,0.15413296222686768,0.3160286009311676,True,0.0,0.0,0,1636,650,0.0,0.0,,-0.0,,250.0
threshold_regime_filtered_auc_gated,3,0.8000000000000003,threshold,0.5642739575454192,True,0.2697887122631073,0.15413296222686768,0.3160286009311676,True,0.0,0.0,0,1636,650,0.0,0.0,,-0.0,,250.0
threshold_regime_confidence_filtered_auc_gated,3,0.8000000000000003,threshold,0.5642739575454192,True,0.2697887122631073,0.15413296222686768,0.3160286009311676,True,0.0,0.0,0,1636,650,0.0,0.0,,-0.0,,250.0
topk_unfiltered,3,0.03,top_k_fraction,0.5642739575454192,True,0.2697887122631073,0.15413296222686768,0.3160286009311676,True,0.5866666666666667,0.05104408352668213,75,1636,650,8.0,9.195500492378688,75.0,-5.337910801558355,,272.9887512309467
topk_regime_filtered,3,0.03,top_k_fraction,0.5642739575454192,True,0.2697887122631073,0.15413296222686768,0.3160286009311676,True,0.6122448979591837,0.03480278422273782,49,1636,650,4.0,4.516244126679248,75.0,-4.293242530670261,,261.2906103166981
topk_regime_confidence_filtered,3,0.03,top_k_fraction,0.5642739575454192,True,0.2697887122631073,0.15413296222686768,0.3160286009311676,True,0.631578947368421,0.013921113689095127,19,1636,650,1.0,2.5031212651197166,100.0,-0.7561598864400443,,256.2578031627993
topk_unfiltered_auc_gated,3,0.03,top_k_fraction,0.5642739575454192,True,0.2697887122631073,0.15413296222686768,0.3160286009311676,True,0.5866666666666667,0.05104408352668213,75,1636,650,8.0,9.195500492378688,75.0,-5.337910801558355,,272.9887512309467
topk_regime_filtered_auc_gated,3,0.03,top_k_fraction,0.5642739575454192,True,0.2697887122631073,0.15413296222686768,0.3160286009311676,True,0.6122448979591837,0.03480278422273782,49,1636,650,4.0,4.516244126679248,75.0,-4.293242530670261,,261.2906103166981
topk_regime_confidence_filtered_auc_gated,3,0.03,top_k_fraction,0.5642739575454192,True,0.2697887122631073,0.15413296222686768,0.3160286009311676,True,0.631578947368421,0.013921113689095127,19,1636,650,1.0,2.5031212651197166,100.0,-0.7561598864400443,,256.2578031627993
topk_unfiltered,3,0.05,top_k_fraction,0.5642739575454192,True,0.2697887122631073,0.15413296222686768,0.3160286009311676,True,0.552,0.08004640371229699,125,1636,650,10.0,14.760507360278687,80.0,-4.068347917658799,,286.9012684006967
topk_regime_filtered,3,0.05,top_k_fraction,0.5642739575454192,True,0.2697887122631073,0.15413296222686768,0.3160286009311676,True,0.5679012345679012,0.05336426914153132,81,1636,650,6.0,3.9992178085192105,66.66666666666666,-5.393365655065407,,259.998044521298
topk_regime_confidence_filtered,3,0.05,top_k_fraction,0.5642739575454192,True,0.2697887122631073,0.15413296222686768,0.3160286009311676,True,0.65625,0.024361948955916472,32,1636,650,2.0,-0.4762754517598182,50.0,-4.555206462293282,,248.80931137060045
topk_unfiltered_auc_gated,3,0.05,top_k_fraction,0.5642739575454192,True,0.2697887122631073,0.15413296222686768,0.3160286009311676,True,0.552,0.08004640371229699,125,1636,650,10.0,14.760507360278687,80.0,-4.068347917658799,,286.9012684006967
topk_regime_filtered_auc_gated,3,0.05,top_k_fraction,0.5642739575454192,True,0.2697887122631073,0.15413296222686768,0.3160286009311676,True,0.5679012345679012,0.05336426914153132,81,1636,650,6.0,3.9992178085192105,66.66666666666666,-5.393365655065407,,259.998044521298
topk_regime_confidence_filtered_auc_gated,3,0.05,top_k_fraction,0.5642739575454192,True,0.2697887122631073,0.15413296222686768,0.3160286009311676,True,0.65625,0.024361948955916472,32,1636,650,2.0,-0.4762754517598182,50.0,-4.555206462293282,,248.80931137060045
topk_unfiltered,3,0.075,top_k_fraction,0.5642739575454192,True,0.2697887122631073,0.15413296222686768,0.3160286009311676,True,0.47593582887700536,0.10324825986078887,187,1636,650,13.0,10.954631556838876,69.23076923076923,-4.958997117963548,,277.3865788920972
topk_regime_filtered,3,0.075,top_k_fraction,0.5642739575454192,True,0.2697887122631073,0.15413296222686768,0.3160286009311676,True,0.5491803278688525,0.0777262180974478,122,1636,650,8.0,9.308856138558781,75.0,-4.149410212335514,,273.27214034639695
topk_regime_confidence_filtered,3,0.075,top_k_fraction,0.5642739575454192,True,0.2697887122631073,0.15413296222686768,0.3160286009311676,True,0.625,0.03480278422273782,48,1636,650,4.0,4.488579415039067,75.0,-4.293242530670261,,261.22144853759767
topk_unfiltered_auc_gated,3,0.075,top_k_fraction,0.5642739575454192,True,0.2697887122631073,0.15413296222686768,0.3160286009311676,True,0.47593582887700536,0.10324825986078887,187,1636,650,13.0,10.954631556838876,69.23076923076923,-4.958997117963548,,277.3865788920972
topk_regime_filtered_auc_gated,3,0.075,top_k_fraction,0.5642739575454192,True,0.2697887122631073,0.15413296222686768,0.3160286009311676,True,0.5491803278688525,0.0777262180974478,122,1636,650,8.0,9.308856138558781,75.0,-4.149410212335514,,273.27214034639695
topk_regime_confidence_filtered_auc_gated,3,0.075,top_k_fraction,0.5642739575454192,True,0.2697887122631073,0.15413296222686768,0.3160286009311676,True,0.625,0.03480278422273782,48,1636,650,4.0,4.488579415039067,75.0,-4.293242530670261,,261.22144853759767
topk_unfiltered,3,0.1,top_k_fraction,0.5642739575454192,True,0.2697887122631073,0.15413296222686768,0.3160286009311676,True,0.444,0.12877030162412992,250,1636,650,15.0,16.491190350637044,73.33333333333333,-5.411889717268448,,291.2279758765926
topk_regime_filtered,3,0.1,top_k_fraction,0.5642739575454192,True,0.2697887122631073,0.15413296222686768,0.3160286009311676,True,0.49693251533742333,0.09396751740139211,163,1636,650,9.0,6.060555365118125,66.66666666666666,-4.149077422958047,,265.1513884127953
topk_regime_confidence_filtered,3,0.1,top_k_fraction,0.5642739575454192,True,0.2697887122631073,0.15413296222686768,0.3160286009311676,True,0.6153846153846154,0.04640371229698376,65,1636,650,7.0,6.4831999244788,71.42857142857143,-4.204127810257163,,266.207999811197
topk_unfiltered_auc_gated,3,0.1,top_k_fraction,0.5642739575454192,True,0.2697887122631073,0.15413296222686768,0.3160286009311676,True,0.444,0.12877030162412992,250,1636,650,15.0,16.491190350637044,73.33333333333333,-5.411889717268448,,291.2279758765926
topk_regime_filtered_auc_gated,3,0.1,top_k_fraction,0.5642739575454192,True,0.2697887122631073,0.15413296222686768,0.3160286009311676,True,0.49693251533742333,0.09396751740139211,163,1636,650,9.0,6.060555365118125,66.66666666666666,-4.149077422958047,,265.1513884127953
topk_regime_confidence_filtered_auc_gated,3,0.1,top_k_fraction,0.5642739575454192,True,0.2697887122631073,0.15413296222686768,0.3160286009311676,True,0.6153846153846154,0.04640371229698376,65,1636,650,7.0,6.4831999244788,71.42857142857143,-4.204127810257163,,266.207999811197
topk_unfiltered,3,0.15,top_k_fraction,0.5642739575454192,True,0.2697887122631073,0.15413296222686768,0.3160286009311676,True,0.4026666666666667,0.1751740139211137,375,1636,650,20.0,0.7977321882793262,55.00000000000001,-8.627150648053872,,251.99433047069832
topk_regime_filtered,3,0.15,top_k_fraction,0.5642739575454192,True,0.2697887122631073,0.15413296222686768,0.3160286009311676,True,0.42857142857142855,0.12180974477958237,245,1636,650,15.0,-0.9325479635393208,53.333333333333336,-11.030852768342692,,247.6686300911517
topk_regime_confidence_filtered,3,0.15,top_k_fraction,0.5642739575454192,True,0.2697887122631073,0.15413296222686768,0.3160286009311676,True,0.5670103092783505,0.06380510440835267,97,1636,650,7.0,6.588123502678718,71.42857142857143,-4.225613429905728,,266.4703087566968
topk_unfiltered_auc_gated,3,0.15,top_k_fraction,0.5642739575454192,True,0.2697887122631073,0.15413296222686768,0.3160286009311676,True,0.4026666666666667,0.1751740139211137,375,1636,650,20.0,0.7977321882793262,55.00000000000001,-8.627150648053872,,251.99433047069832
topk_regime_filtered_auc_gated,3,0.15,top_k_fraction,0.5642739575454192,True,0.2697887122631073,0.15413296222686768,0.3160286009311676,True,0.42857142857142855,0.12180974477958237,245,1636,650,15.0,-0.9325479635393208,53.333333333333336,-11.030852768342692,,247.6686300911517
topk_regime_confidence_filtered_auc_gated,3,0.15,top_k_fraction,0.5642739575454192,True,0.2697887122631073,0.15413296222686768,0.3160286009311676,True,0.5670103092783505,0.06380510440835267,97,1636,650,7.0,6.588123502678718,71.42857142857143,-4.225613429905728,,266.4703087566968
threshold_unfiltered,4,0.5,threshold,0.5415426001529567,True,0.2771029770374298,0.1429518312215805,0.31998852640390396,True,0.38636363636363635,0.09703196347031963,220,1567,613,25.0,-0.7681189133411636,52.0,-21.26302454751966,,248.0797027166471
threshold_regime_filtered,4,0.5,threshold,0.5415426001529567,True,0.2771029770374298,0.1429518312215805,0.31998852640390396,True,0.4429530201342282,0.07534246575342465,149,1567,613,16.0,4.302821195140337,56.25,-8.697261320961925,,260.75705298785084
threshold_regime_confidence_filtered,4,0.5,threshold,0.5415426001529567,True,0.2771029770374298,0.1429518312215805,0.31998852640390396,True,0.4429530201342282,0.07534246575342465,149,1567,613,16.0,4.302821195140337,56.25,-8.697261320961925,,260.75705298785084
threshold_unfiltered_auc_gated,4,0.5,threshold,0.5415426001529567,True,0.2771029770374298,0.1429518312215805,0.31998852640390396,True,0.38636363636363635,0.09703196347031963,220,1567,613,25.0,-0.7681189133411636,52.0,-21.26302454751966,,248.0797027166471
threshold_regime_filtered_auc_gated,4,0.5,threshold,0.5415426001529567,True,0.2771029770374298,0.1429518312215805,0.31998852640390396,True,0.4429530201342282,0.07534246575342465,149,1567,613,16.0,4.302821195140337,56.25,-8.697261320961925,,260.75705298785084
threshold_regime_confidence_filtered_auc_gated,4,0.5,threshold,0.5415426001529567,True,0.2771029770374298,0.1429518312215805,0.31998852640390396,True,0.4429530201342282,0.07534246575342465,149,1567,613,16.0,4.302821195140337,56.25,-8.697261320961925,,260.75705298785084
threshold_unfiltered,4,0.55,threshold,0.5415426001529567,True,0.2771029770374298,0.1429518312215805,0.31998852640390396,True,0.32673267326732675,0.03767123287671233,101,1567,613,14.0,-5.6193953788194335,50.0,-15.367514387151216,,235.95151155295142
threshold_regime_filtered,4,0.55,threshold,0.5415426001529567,True,0.2771029770374298,0.1429518312215805,0.31998852640390396,True,0.4090909090909091,0.030821917808219176,66,1567,613,10.0,0.6845969774406399,60.0,-7.705502593905845,,251.7114924436016
threshold_regime_confidence_filtered,4,0.55,threshold,0.5415426001529567,True,0.2771029770374298,0.1429518312215805,0.31998852640390396,True,0.4090909090909091,0.030821917808219176,66,1567,613,10.0,0.6845969774406399,60.0,-7.705502593905845,,251.7114924436016
threshold_unfiltered_auc_gated,4,0.55,threshold,0.5415426001529567,True,0.2771029770374298,0.1429518312215805,0.31998852640390396,True,0.32673267326732675,0.03767123287671233,101,1567,613,14.0,-5.6193953788194335,50.0,-15.367514387151216,,235.95151155295142
threshold_regime_filtered_auc_gated,4,0.55,threshold,0.5415426001529567,True,0.2771029770374298,0.1429518312215805,0.31998852640390396,True,0.4090909090909091,0.030821917808219176,66,1567,613,10.0,0.6845969774406399,60.0,-7.705502593905845,,251.7114924436016
threshold_regime_confidence_filtered_auc_gated,4,0.55,threshold,0.5415426001529567,True,0.2771029770374298,0.1429518312215805,0.31998852640390396,True,0.4090909090909091,0.030821917808219176,66,1567,613,10.0,0.6845969774406399,60.0,-7.705502593905845,,251.7114924436016
threshold_unfiltered,4,0.6000000000000001,threshold,0.5415426001529567,True,0.2771029770374298,0.1429518312215805,0.31998852640390396,True,0.225,0.010273972602739725,40,1567,613,11.0,-12.316338410777815,36.36363636363637,-15.594644468736385,,219.20915397305546
threshold_regime_filtered,4,0.6000000000000001,threshold,0.5415426001529567,True,0.2771029770374298,0.1429518312215805,0.31998852640390396,True,0.2916666666666667,0.007990867579908675,24,1567,613,6.0,-3.8562560779788897,50.0,-7.40213111459499,,240.35935980505278
threshold_regime_confidence_filtered,4,0.6000000000000001,threshold,0.5415426001529567,True,0.2771029770374298,0.1429518312215805,0.31998852640390396,True,0.2916666666666667,0.007990867579908675,24,1567,613,6.0,-3.8562560779788897,50.0,-7.40213111459499,,240.35935980505278
threshold_unfiltered_auc_gated,4,0.6000000000000001,threshold,0.5415426001529567,True,0.2771029770374298,0.1429518312215805,0.31998852640390396,True,0.225,0.010273972602739725,40,1567,613,11.0,-12.316338410777815,36.36363636363637,-15.594644468736385,,219.20915397305546
threshold_regime_filtered_auc_gated,4,0.6000000000000001,threshold,0.5415426001529567,True,0.2771029770374298,0.1429518312215805,0.31998852640390396,True,0.2916666666666667,0.007990867579908675,24,1567,613,6.0,-3.8562560779788897,50.0,-7.40213111459499,,240.35935980505278
threshold_regime_confidence_filtered_auc_gated,4,0.6000000000000001,threshold,0.5415426001529567,True,0.2771029770374298,0.1429518312215805,0.31998852640390396,True,0.2916666666666667,0.007990867579908675,24,1567,613,6.0,-3.8562560779788897,50.0,-7.40213111459499,,240.35935980505278
threshold_unfiltered,4,0.6500000000000001,threshold,0.5415426001529567,True,0.2771029770374298,0.1429518312215805,0.31998852640390396,True,0.6,0.003424657534246575,5,1567,613,4.0,-3.462865367439406,50.0,-6.949441480454388,,241.34283658140149
threshold_regime_filtered,4,0.6500000000000001,threshold,0.5415426001529567,True,0.2771029770374298,0.1429518312215805,0.31998852640390396,True,0.75,0.003424657534246575,4,1567,613,3.0,-0.5428621532595344,66.66666666666666,-4.134834430554369,,248.64284461685116
threshold_regime_confidence_filtered,4,0.6500000000000001,threshold,0.5415426001529567,True,0.2771029770374298,0.1429518312215805,0.31998852640390396,True,0.75,0.003424657534246575,4,1567,613,3.0,-0.5428621532595344,66.66666666666666,-4.134834430554369,,248.64284461685116
threshold_unfiltered_auc_gated,4,0.6500000000000001,threshold,0.5415426001529567,True,0.2771029770374298,0.1429518312215805,0.31998852640390396,True,0.6,0.003424657534246575,5,1567,613,4.0,-3.462865367439406,50.0,-6.949441480454388,,241.34283658140149
threshold_regime_filtered_auc_gated,4,0.6500000000000001,threshold,0.5415426001529567,True,0.2771029770374298,0.1429518312215805,0.31998852640390396,True,0.75,0.003424657534246575,4,1567,613,3.0,-0.5428621532595344,66.66666666666666,-4.134834430554369,,248.64284461685116
threshold_regime_confidence_filtered_auc_gated,4,0.6500000000000001,threshold,0.5415426001529567,True,0.2771029770374298,0.1429518312215805,0.31998852640390396,True,0.75,0.003424657534246575,4,1567,613,3.0,-0.5428621532595344,66.66666666666666,-4.134834430554369,,248.64284461685116
threshold_unfiltered,4,0.7000000000000002,threshold,0.5415426001529567,True,0.2771029770374298,0.1429518312215805,0.31998852640390396,True,0.0,0.0,0,1567,613,0.0,0.0,,-0.0,,250.0
threshold_regime_filtered,4,0.7000000000000002,threshold,0.5415426001529567,True,0.2771029770374298,0.1429518312215805,0.31998852640390396,True,0.0,0.0,0,1567,613,0.0,0.0,,-0.0,,250.0
threshold_regime_confidence_filtered,4,0.7000000000000002,threshold,0.5415426001529567,True,0.2771029770374298,0.1429518312215805,0.31998852640390396,True,0.0,0.0,0,1567,613,0.0,0.0,,-0.0,,250.0
threshold_unfiltered_auc_gated,4,0.7000000000000002,threshold,0.5415426001529567,True,0.2771029770374298,0.1429518312215805,0.31998852640390396,True,0.0,0.0,0,1567,613,0.0,0.0,,-0.0,,250.0
threshold_regime_filtered_auc_gated,4,0.7000000000000002,threshold,0.5415426001529567,True,0.2771029770374298,0.1429518312215805,0.31998852640390396,True,0.0,0.0,0,1567,613,0.0,0.0,,-0.0,,250.0
threshold_regime_confidence_filtered_auc_gated,4,0.7000000000000002,threshold,0.5415426001529567,True,0.2771029770374298,0.1429518312215805,0.31998852640390396,True,0.0,0.0,0,1567,613,0.0,0.0,,-0.0,,250.0
threshold_unfiltered,4,0.7500000000000002,threshold,0.5415426001529567,True,0.2771029770374298,0.1429518312215805,0.31998852640390396,True,0.0,0.0,0,1567,613,0.0,0.0,,-0.0,,250.0
threshold_regime_filtered,4,0.7500000000000002,threshold,0.5415426001529567,True,0.2771029770374298,0.1429518312215805,0.31998852640390396,True,0.0,0.0,0,1567,613,0.0,0.0,,-0.0,,250.0
threshold_regime_confidence_filtered,4,0.7500000000000002,threshold,0.5415426001529567,True,0.2771029770374298,0.1429518312215805,0.31998852640390396,True,0.0,0.0,0,1567,613,0.0,0.0,,-0.0,,250.0
threshold_unfiltered_auc_gated,4,0.7500000000000002,threshold,0.5415426001529567,True,0.2771029770374298,0.1429518312215805,0.31998852640390396,True,0.0,0.0,0,1567,613,0.0,0.0,,-0.0,,250.0
threshold_regime_filtered_auc_gated,4,0.7500000000000002,threshold,0.5415426001529567,True,0.2771029770374298,0.1429518312215805,0.31998852640390396,True,0.0,0.0,0,1567,613,0.0,0.0,,-0.0,,250.0
threshold_regime_confidence_filtered_auc_gated,4,0.7500000000000002,threshold,0.5415426001529567,True,0.2771029770374298,0.1429518312215805,0.31998852640390396,True,0.0,0.0,0,1567,613,0.0,0.0,,-0.0,,250.0
threshold_unfiltered,4,0.8000000000000003,threshold,0.5415426001529567,True,0.2771029770374298,0.1429518312215805,0.31998852640390396,True,0.0,0.0,0,1567,613,0.0,0.0,,-0.0,,250.0
threshold_regime_filtered,4,0.8000000000000003,threshold,0.5415426001529567,True,0.2771029770374298,0.1429518312215805,0.31998852640390396,True,0.0,0.0,0,1567,613,0.0,0.0,,-0.0,,250.0
threshold_regime_confidence_filtered,4,0.8000000000000003,threshold,0.5415426001529567,True,0.2771029770374298,0.1429518312215805,0.31998852640390396,True,0.0,0.0,0,1567,613,0.0,0.0,,-0.0,,250.0
threshold_unfiltered_auc_gated,4,0.8000000000000003,threshold,0.5415426001529567,True,0.2771029770374298,0.1429518312215805,0.31998852640390396,True,0.0,0.0,0,1567,613,0.0,0.0,,-0.0,,250.0
threshold_regime_filtered_auc_gated,4,0.8000000000000003,threshold,0.5415426001529567,True,0.2771029770374298,0.1429518312215805,0.31998852640390396,True,0.0,0.0,0,1567,613,0.0,0.0,,-0.0,,250.0
threshold_regime_confidence_filtered_auc_gated,4,0.8000000000000003,threshold,0.5415426001529567,True,0.2771029770374298,0.1429518312215805,0.31998852640390396,True,0.0,0.0,0,1567,613,0.0,0.0,,-0.0,,250.0
topk_unfiltered,4,0.03,top_k_fraction,0.5415426001529567,True,0.2771029770374298,0.1429518312215805,0.31998852640390396,True,0.26666666666666666,0.0228310502283105,75,1567,613,14.0,-5.694605781139262,50.0,-15.367546104930764,,235.76348554715184
topk_regime_filtered,4,0.03,top_k_fraction,0.5415426001529567,True,0.2771029770374298,0.1429518312215805,0.31998852640390396,True,0.3404255319148936,0.0182648401826484,47,1567,613,8.0,-4.2013773859585966,50.0,-9.970091046289664,,239.4965565351035
topk_regime_confidence_filtered,4,0.03,top_k_fraction,0.5415426001529567,True,0.2771029770374298,0.1429518312215805,0.31998852640390396,True,0.3333333333333333,0.00684931506849315,18,1567,613,5.0,-6.23826594429894,40.0,-9.696720698998307,,234.40433513925265
topk_unfiltered_auc_gated,4,0.03,top_k_fraction,0.5415426001529567,True,0.2771029770374298,0.1429518312215805,0.31998852640390396,True,0.26666666666666666,0.0228310502283105,75,1567,613,14.0,-5.694605781139262,50.0,-15.367546104930764,,235.76348554715184
topk_regime_filtered_auc_gated,4,0.03,top_k_fraction,0.5415426001529567,True,0.2771029770374298,0.1429518312215805,0.31998852640390396,True,0.3404255319148936,0.0182648401826484,47,1567,613,8.0,-4.2013773859585966,50.0,-9.970091046289664,,239.4965565351035
topk_regime_confidence_filtered_auc_gated,4,0.03,top_k_fraction,0.5415426001529567,True,0.2771029770374298,0.1429518312215805,0.31998852640390396,True,0.3333333333333333,0.00684931506849315,18,1567,613,5.0,-6.23826594429894,40.0,-9.696720698998307,,234.40433513925265
topk_unfiltered,4,0.05,top_k_fraction,0.5415426001529567,True,0.2771029770374298,0.1429518312215805,0.31998852640390396,True,0.328,0.04680365296803653,125,1567,613,19.0,-4.248632033260572,52.63157894736842,-17.82873480872117,,239.37841991684857
topk_regime_filtered,4,0.05,top_k_fraction,0.5415426001529567,True,0.2771029770374298,0.1429518312215805,0.31998852640390396,True,0.3974358974358974,0.03538812785388128,78,1567,613,12.0,5.696247198600349,66.66666666666666,-7.754225003628424,,264.2406179965009
topk_regime_confidence_filtered,4,0.05,top_k_fraction,0.5415426001529567,True,0.2771029770374298,0.1429518312215805,0.31998852640390396,True,0.26666666666666666,0.0091324200913242,30,1567,613,7.0,-6.522465332138336,42.857142857142854,-9.970040618590016,,233.69383666965416
topk_unfiltered_auc_gated,4,0.05,top_k_fraction,0.5415426001529567,True,0.2771029770374298,0.1429518312215805,0.31998852640390396,True,0.328,0.04680365296803653,125,1567,613,19.0,-4.248632033260572,52.63157894736842,-17.82873480872117,,239.37841991684857
topk_regime_filtered_auc_gated,4,0.05,top_k_fraction,0.5415426001529567,True,0.2771029770374298,0.1429518312215805,0.31998852640390396,True,0.3974358974358974,0.03538812785388128,78,1567,613,12.0,5.696247198600349,66.66666666666666,-7.754225003628424,,264.2406179965009
topk_regime_confidence_filtered_auc_gated,4,0.05,top_k_fraction,0.5415426001529567,True,0.2771029770374298,0.1429518312215805,0.31998852640390396,True,0.26666666666666666,0.0091324200913242,30,1567,613,7.0,-6.522465332138336,42.857142857142854,-9.970040618590016,,233.69383666965416
topk_unfiltered,4,0.075,top_k_fraction,0.5415426001529567,True,0.2771029770374298,0.1429518312215805,0.31998852640390396,True,0.3582887700534759,0.07648401826484018,187,1567,613,26.0,1.7833302349983684,53.84615384615385,-19.712838888846697,,254.45832558749592
topk_regime_filtered,4,0.075,top_k_fraction,0.5415426001529567,True,0.2771029770374298,0.1429518312215805,0.31998852640390396,True,0.4188034188034188,0.05593607305936073,117,1567,613,16.0,4.387068256660245,56.25,-7.503473419135265,,260.9676706416506
topk_regime_confidence_filtered,4,0.075,top_k_fraction,0.5415426001529567,True,0.2771029770374298,0.1429518312215805,0.31998852640390396,True,0.3111111111111111,0.01598173515981735,45,1567,613,8.0,-4.2013773859585966,50.0,-9.970091046289664,,239.4965565351035
topk_unfiltered_auc_gated,4,0.075,top_k_fraction,0.5415426001529567,True,0.2771029770374298,0.1429518312215805,0.31998852640390396,True,0.3582887700534759,0.07648401826484018,187,1567,613,26.0,1.7833302349983684,53.84615384615385,-19.712838888846697,,254.45832558749592
topk_regime_filtered_auc_gated,4,0.075,top_k_fraction,0.5415426001529567,True,0.2771029770374298,0.1429518312215805,0.31998852640390396,True,0.4188034188034188,0.05593607305936073,117,1567,613,16.0,4.387068256660245,56.25,-7.503473419135265,,260.9676706416506
topk_regime_confidence_filtered_auc_gated,4,0.075,top_k_fraction,0.5415426001529567,True,0.2771029770374298,0.1429518312215805,0.31998852640390396,True,0.3111111111111111,0.01598173515981735,45,1567,613,8.0,-4.2013773859585966,50.0,-9.970091046289664,,239.4965565351035
topk_unfiltered,4,0.1,top_k_fraction,0.5415426001529567,True,0.2771029770374298,0.1429518312215805,0.31998852640390396,True,0.388,0.11073059360730593,250,1567,613,25.0,-0.6087737659013669,52.0,-21.177430804884146,,248.47806558524658
topk_regime_filtered,4,0.1,top_k_fraction,0.5415426001529567,True,0.2771029770374298,0.1429518312215805,0.31998852640390396,True,0.4423076923076923,0.07876712328767123,156,1567,613,16.0,4.33294398527994,56.25,-8.697132002949504,,260.83235996319985
topk_regime_confidence_filtered,4,0.1,top_k_fraction,0.5415426001529567,True,0.2771029770374298,0.1429518312215805,0.31998852640390396,True,0.4098360655737705,0.028538812785388126,61,1567,613,10.0,0.6845969774406399,60.0,-7.705502593905845,,251.7114924436016
topk_unfiltered_auc_gated,4,0.1,top_k_fraction,0.5415426001529567,True,0.2771029770374298,0.1429518312215805,0.31998852640390396,True,0.388,0.11073059360730593,250,1567,613,25.0,-0.6087737659013669,52.0,-21.177430804884146,,248.47806558524658
topk_regime_filtered_auc_gated,4,0.1,top_k_fraction,0.5415426001529567,True,0.2771029770374298,0.1429518312215805,0.31998852640390396,True,0.4423076923076923,0.07876712328767123,156,1567,613,16.0,4.33294398527994,56.25,-8.697132002949504,,260.83235996319985
topk_regime_confidence_filtered_auc_gated,4,0.1,top_k_fraction,0.5415426001529567,True,0.2771029770374298,0.1429518312215805,0.31998852640390396,True,0.4098360655737705,0.028538812785388126,61,1567,613,10.0,0.6845969774406399,60.0,-7.705502593905845,,251.7114924436016
topk_unfiltered,4,0.15,top_k_fraction,0.5415426001529567,True,0.2771029770374298,0.1429518312215805,0.31998852640390396,True,0.38666666666666666,0.16552511415525115,375,1567,613,27.0,-2.7928507296019913,51.85185185185185,-21.381337555452472,,243.01787317599502
topk_regime_filtered,4,0.15,top_k_fraction,0.5415426001529567,True,0.2771029770374298,0.1429518312215805,0.31998852640390396,True,0.42127659574468085,0.11301369863013698,235,1567,613,19.0,5.298360083537955,57.89473684210527,-11.460597154791685,,263.2459002088449
topk_regime_confidence_filtered,4,0.15,top_k_fraction,0.5415426001529567,True,0.2771029770374298,0.1429518312215805,0.31998852640390396,True,0.42857142857142855,0.04452054794520548,91,1567,613,14.0,4.945155637801236,57.14285714285714,-7.179640827883693,,262.3628890945031
topk_unfiltered_auc_gated,4,0.15,top_k_fraction,0.5415426001529567,True,0.2771029770374298,0.1429518312215805,0.31998852640390396,True,0.38666666666666666,0.16552511415525115,375,1567,613,27.0,-2.7928507296019913,51.85185185185185,-21.381337555452472,,243.01787317599502
topk_regime_filtered_auc_gated,4,0.15,top_k_fraction,0.5415426001529567,True,0.2771029770374298,0.1429518312215805,0.31998852640390396,True,0.42127659574468085,0.11301369863013698,235,1567,613,19.0,5.298360083537955,57.89473684210527,-11.460597154791685,,263.2459002088449
topk_regime_confidence_filtered_auc_gated,4,0.15,top_k_fraction,0.5415426001529567,True,0.2771029770374298,0.1429518312215805,0.31998852640390396,True,0.42857142857142855,0.04452054794520548,91,1567,613,14.0,4.945155637801236,57.14285714285714,-7.179640827883693,,262.3628890945031
threshold_unfiltered,5,0.5,threshold,0.47508981858531013,False,0.30126067996025085,0.12757167220115662,0.33953218162059784,True,0.5493827160493827,0.09156378600823045,162,1437,649,17.0,3.8326673968988416,58.82352941176471,-12.839223367394514,,259.5816684922471
threshold_regime_filtered,5,0.5,threshold,0.47508981858531013,False,0.30126067996025085,0.12757167220115662,0.33953218162059784,True,0.5545454545454546,0.06275720164609054,110,1437,649,11.0,-0.1291074886417391,54.54545454545454,-12.411391132286475,,249.67723127839565
threshold_regime_confidence_filtered,5,0.5,threshold,0.47508981858531013,False,0.30126067996025085,0.12757167220115662,0.33953218162059784,True,0.5545454545454546,0.06275720164609054,110,1437,649,11.0,-0.1291074886417391,54.54545454545454,-12.411391132286475,,249.67723127839565
threshold_unfiltered_auc_gated,5,0.5,threshold,0.47508981858531013,False,0.30126067996025085,0.12757167220115662,0.33953218162059784,True,0.0,0.0,0,1437,649,0.0,0.0,,-0.0,,250.0
threshold_regime_filtered_auc_gated,5,0.5,threshold,0.47508981858531013,False,0.30126067996025085,0.12757167220115662,0.33953218162059784,True,0.0,0.0,0,1437,649,0.0,0.0,,-0.0,,250.0
threshold_regime_confidence_filtered_auc_gated,5,0.5,threshold,0.47508981858531013,False,0.30126067996025085,0.12757167220115662,0.33953218162059784,True,0.0,0.0,0,1437,649,0.0,0.0,,-0.0,,250.0
threshold_unfiltered,5,0.55,threshold,0.47508981858531013,False,0.30126067996025085,0.12757167220115662,0.33953218162059784,True,0.453125,0.029835390946502057,64,1437,649,7.0,1.0126728576192932,57.14285714285714,-6.1121935353017465,,252.53168214404823
threshold_regime_filtered,5,0.55,threshold,0.47508981858531013,False,0.30126067996025085,0.12757167220115662,0.33953218162059784,True,0.4523809523809524,0.01954732510288066,42,1437,649,5.0,-3.717731425560191,40.0,-7.340313673705856,,240.70567143609952
threshold_regime_confidence_filtered,5,0.55,threshold,0.47508981858531013,False,0.30126067996025085,0.12757167220115662,0.33953218162059784,True,0.4523809523809524,0.01954732510288066,42,1437,649,5.0,-3.717731425560191,40.0,-7.340313673705856,,240.70567143609952
threshold_unfiltered_auc_gated,5,0.55,threshold,0.47508981858531013,False,0.30126067996025085,0.12757167220115662,0.33953218162059784,True,0.0,0.0,0,1437,649,0.0,0.0,,-0.0,,250.0
threshold_regime_filtered_auc_gated,5,0.55,threshold,0.47508981858531013,False,0.30126067996025085,0.12757167220115662,0.33953218162059784,True,0.0,0.0,0,1437,649,0.0,0.0,,-0.0,,250.0
threshold_regime_confidence_filtered_auc_gated,5,0.55,threshold,0.47508981858531013,False,0.30126067996025085,0.12757167220115662,0.33953218162059784,True,0.0,0.0,0,1437,649,0.0,0.0,,-0.0,,250.0
threshold_unfiltered,5,0.6000000000000001,threshold,0.47508981858531013,False,0.30126067996025085,0.12757167220115662,0.33953218162059784,True,0.2608695652173913,0.006172839506172839,23,1437,649,4.0,-0.9490101879397911,50.0,-6.112088974150054,,247.62747453015052
threshold_regime_filtered,5,0.6000000000000001,threshold,0.47508981858531013,False,0.30126067996025085,0.12757167220115662,0.33953218162059784,True,0.3,0.0030864197530864196,10,1437,649,3.0,-3.342446367719515,33.33333333333333,-4.824996083497213,,241.6438840807012
threshold_regime_confidence_filtered,5,0.6000000000000001,threshold,0.47508981858531013,False,0.30126067996025085,0.12757167220115662,0.33953218162059784,True,0.3,0.0030864197530864196,10,1437,649,3.0,-3.342446367719515,33.33333333333333,-4.824996083497213,,241.6438840807012
threshold_unfiltered_auc_gated,5,0.6000000000000001,threshold,0.47508981858531013,False,0.30126067996025085,0.12757167220115662,0.33953218162059784,True,0.0,0.0,0,1437,649,0.0,0.0,,-0.0,,250.0
threshold_regime_filtered_auc_gated,5,0.6000000000000001,threshold,0.47508981858531013,False,0.30126067996025085,0.12757167220115662,0.33953218162059784,True,0.0,0.0,0,1437,649,0.0,0.0,,-0.0,,250.0
threshold_regime_confidence_filtered_auc_gated,5,0.6000000000000001,threshold,0.47508981858531013,False,0.30126067996025085,0.12757167220115662,0.33953218162059784,True,0.0,0.0,0,1437,649,0.0,0.0,,-0.0,,250.0
threshold_unfiltered,5,0.6500000000000001,threshold,0.47508981858531013,False,0.30126067996025085,0.12757167220115662,0.33953218162059784,True,0.18181818181818182,0.00205761316872428,11,1437,649,4.0,-6.156651720539253,25.0,-7.295196623979305,,234.60837069865187
threshold_regime_filtered,5,0.6500000000000001,threshold,0.47508981858531013,False,0.30126067996025085,0.12757167220115662,0.33953218162059784,True,0.3333333333333333,0.00205761316872428,6,1437,649,3.0,-3.368285469839691,33.33333333333333,-4.929627730107844,,241.57928632540077
threshold_regime_confidence_filtered,5,0.6500000000000001,threshold,0.47508981858531013,False,0.30126067996025085,0.12757167220115662,0.33953218162059784,True,0.3333333333333333,0.00205761316872428,6,1437,649,3.0,-3.368285469839691,33.33333333333333,-4.929627730107844,,241.57928632540077
threshold_unfiltered_auc_gated,5,0.6500000000000001,threshold,0.47508981858531013,False,0.30126067996025085,0.12757167220115662,0.33953218162059784,True,0.0,0.0,0,1437,649,0.0,0.0,,-0.0,,250.0
threshold_regime_filtered_auc_gated,5,0.6500000000000001,threshold,0.47508981858531013,False,0.30126067996025085,0.12757167220115662,0.33953218162059784,True,0.0,0.0,0,1437,649,0.0,0.0,,-0.0,,250.0
threshold_regime_confidence_filtered_auc_gated,5,0.6500000000000001,threshold,0.47508981858531013,False,0.30126067996025085,0.12757167220115662,0.33953218162059784,True,0.0,0.0,0,1437,649,0.0,0.0,,-0.0,,250.0
threshold_unfiltered,5,0.7000000000000002,threshold,0.47508981858531013,False,0.30126067996025085,0.12757167220115662,0.33953218162059784,True,0.2,0.00102880658436214,5,1437,649,2.0,-0.4648632658198266,50.0,-4.516851694956136,,248.83784183545043
threshold_regime_filtered,5,0.7000000000000002,threshold,0.47508981858531013,False,0.30126067996025085,0.12757167220115662,0.33953218162059784,True,0.5,0.00102880658436214,2,1437,649,2.0,-0.49302262487998405,50.0,-4.929627730107844,,248.76744343780004
threshold_regime_confidence_filtered,5,0.7000000000000002,threshold,0.47508981858531013,False,0.30126067996025085,0.12757167220115662,0.33953218162059784,True,0.5,0.00102880658436214,2,1437,649,2.0,-0.49302262487998405,50.0,-4.929627730107844,,248.76744343780004
threshold_unfiltered_auc_gated,5,0.7000000000000002,threshold,0.47508981858531013,False,0.30126067996025085,0.12757167220115662,0.33953218162059784,True,0.0,0.0,0,1437,649,0.0,0.0,,-0.0,,250.0
threshold_regime_filtered_auc_gated,5,0.7000000000000002,threshold,0.47508981858531013,False,0.30126067996025085,0.12757167220115662,0.33953218162059784,True,0.0,0.0,0,1437,649,0.0,0.0,,-0.0,,250.0
threshold_regime_confidence_filtered_auc_gated,5,0.7000000000000002,threshold,0.47508981858531013,False,0.30126067996025085,0.12757167220115662,0.33953218162059784,True,0.0,0.0,0,1437,649,0.0,0.0,,-0.0,,250.0
threshold_unfiltered,5,0.7500000000000002,threshold,0.47508981858531013,False,0.30126067996025085,0.12757167220115662,0.33953218162059784,True,0.0,0.0,1,1437,649,1.0,-2.8884196917595206,0.0,-3.1797086500103044,,242.7789507706012
threshold_regime_filtered,5,0.7500000000000002,threshold,0.47508981858531013,False,0.30126067996025085,0.12757167220115662,0.33953218162059784,True,0.0,0.0,0,1437,649,0.0,0.0,,-0.0,,250.0
threshold_regime_confidence_filtered,5,0.7500000000000002,threshold,0.47508981858531013,False,0.30126067996025085,0.12757167220115662,0.33953218162059784,True,0.0,0.0,0,1437,649,0.0,0.0,,-0.0,,250.0
threshold_unfiltered_auc_gated,5,0.7500000000000002,threshold,0.47508981858531013,False,0.30126067996025085,0.12757167220115662,0.33953218162059784,True,0.0,0.0,0,1437,649,0.0,0.0,,-0.0,,250.0
threshold_regime_filtered_auc_gated,5,0.7500000000000002,threshold,0.47508981858531013,False,0.30126067996025085,0.12757167220115662,0.33953218162059784,True,0.0,0.0,0,1437,649,0.0,0.0,,-0.0,,250.0
threshold_regime_confidence_filtered_auc_gated,5,0.7500000000000002,threshold,0.47508981858531013,False,0.30126067996025085,0.12757167220115662,0.33953218162059784,True,0.0,0.0,0,1437,649,0.0,0.0,,-0.0,,250.0
threshold_unfiltered,5,0.8000000000000003,threshold,0.47508981858531013,False,0.30126067996025085,0.12757167220115662,0.33953218162059784,True,0.0,0.0,0,1437,649,0.0,0.0,,-0.0,,250.0
threshold_regime_filtered,5,0.8000000000000003,threshold,0.47508981858531013,False,0.30126067996025085,0.12757167220115662,0.33953218162059784,True,0.0,0.0,0,1437,649,0.0,0.0,,-0.0,,250.0
threshold_regime_confidence_filtered,5,0.8000000000000003,threshold,0.47508981858531013,False,0.30126067996025085,0.12757167220115662,0.33953218162059784,True,0.0,0.0,0,1437,649,0.0,0.0,,-0.0,,250.0
threshold_unfiltered_auc_gated,5,0.8000000000000003,threshold,0.47508981858531013,False,0.30126067996025085,0.12757167220115662,0.33953218162059784,True,0.0,0.0,0,1437,649,0.0,0.0,,-0.0,,250.0
threshold_regime_filtered_auc_gated,5,0.8000000000000003,threshold,0.47508981858531013,False,0.30126067996025085,0.12757167220115662,0.33953218162059784,True,0.0,0.0,0,1437,649,0.0,0.0,,-0.0,,250.0
threshold_regime_confidence_filtered_auc_gated,5,0.8000000000000003,threshold,0.47508981858531013,False,0.30126067996025085,0.12757167220115662,0.33953218162059784,True,0.0,0.0,0,1437,649,0.0,0.0,,-0.0,,250.0
topk_unfiltered,5,0.03,top_k_fraction,0.47508981858531013,False,0.30126067996025085,0.12757167220115662,0.33953218162059784,True,0.49333333333333335,0.03806584362139918,75,1437,649,12.0,8.272268709578452,66.66666666666666,-7.973321628510599,,270.68067177394613
topk_regime_filtered,5,0.03,top_k_fraction,0.47508981858531013,False,0.30126067996025085,0.12757167220115662,0.33953218162059784,True,0.46511627906976744,0.0205761316872428,43,1437,649,6.0,-1.3315988374804761,50.0,-7.340313673705856,,246.6710029062988
topk_regime_confidence_filtered,5,0.03,top_k_fraction,0.47508981858531013,False,0.30126067996025085,0.12757167220115662,0.33953218162059784,True,0.3684210526315789,0.00720164609053498,19,1437,649,4.0,-6.139949626379814,25.0,-7.340486284557612,,234.65012593405046
topk_unfiltered_auc_gated,5,0.03,top_k_fraction,0.47508981858531013,False,0.30126067996025085,0.12757167220115662,0.33953218162059784,True,0.0,0.0,0,1437,649,0.0,0.0,,-0.0,,250.0
topk_regime_filtered_auc_gated,5,0.03,top_k_fraction,0.47508981858531013,False,0.30126067996025085,0.12757167220115662,0.33953218162059784,True,0.0,0.0,0,1437,649,0.0,0.0,,-0.0,,250.0
topk_regime_confidence_filtered_auc_gated,5,0.03,top_k_fraction,0.47508981858531013,False,0.30126067996025085,0.12757167220115662,0.33953218162059784,True,0.0,0.0,0,1437,649,0.0,0.0,,-0.0,,250.0
topk_unfiltered,5,0.05,top_k_fraction,0.47508981858531013,False,0.30126067996025085,0.12757167220115662,0.33953218162059784,True,0.504,0.06481481481481481,125,1437,649,16.0,6.951811822638273,62.5,-9.350791995870367,,267.3795295565957
topk_regime_filtered,5,0.05,top_k_fraction,0.47508981858531013,False,0.30126067996025085,0.12757167220115662,0.33953218162059784,True,0.4507042253521127,0.03292181069958848,71,1437,649,10.0,3.010548360937446,60.0,-8.829554748694246,,257.5263709023436
topk_regime_confidence_filtered,5,0.05,top_k_fraction,0.47508981858531013,False,0.30126067996025085,0.12757167220115662,0.33953218162059784,True,0.46875,0.015432098765432098,32,1437,649,5.0,-3.769810983580544,40.0,-7.340354008485983,,240.57547254104864
topk_unfiltered_auc_gated,5,0.05,top_k_fraction,0.47508981858531013,False,0.30126067996025085,0.12757167220115662,0.33953218162059784,True,0.0,0.0,0,1437,649,0.0,0.0,,-0.0,,250.0
topk_regime_filtered_auc_gated,5,0.05,top_k_fraction,0.47508981858531013,False,0.30126067996025085,0.12757167220115662,0.33953218162059784,True,0.0,0.0,0,1437,649,0.0,0.0,,-0.0,,250.0
topk_regime_confidence_filtered_auc_gated,5,0.05,top_k_fraction,0.47508981858531013,False,0.30126067996025085,0.12757167220115662,0.33953218162059784,True,0.0,0.0,0,1437,649,0.0,0.0,,-0.0,,250.0
topk_unfiltered,5,0.075,top_k_fraction,0.47508981858531013,False,0.30126067996025085,0.12757167220115662,0.33953218162059784,True,0.5294117647058824,0.10185185185185185,187,1437,649,17.0,-11.49408067957845,41.17647058823529,-18.750177835279892,,221.26479830105387
topk_regime_filtered,5,0.075,top_k_fraction,0.47508981858531013,False,0.30126067996025085,0.12757167220115662,0.33953218162059784,True,0.5420560747663551,0.059670781893004114,107,1437,649,11.0,-0.1291074886417391,54.54545454545454,-12.411391132286475,,249.67723127839565
topk_regime_confidence_filtered,5,0.075,top_k_fraction,0.47508981858531013,False,0.30126067996025085,0.12757167220115662,0.33953218162059784,True,0.4583333333333333,0.02263374485596708,48,1437,649,6.0,-1.3315988374804761,50.0,-7.340313673705856,,246.6710029062988
topk_unfiltered_auc_gated,5,0.075,top_k_fraction,0.47508981858531013,False,0.30126067996025085,0.12757167220115662,0.33953218162059784,True,0.0,0.0,0,1437,649,0.0,0.0,,-0.0,,250.0
topk_regime_filtered_auc_gated,5,0.075,top_k_fraction,0.47508981858531013,False,0.30126067996025085,0.12757167220115662,0.33953218162059784,True,0.0,0.0,0,1437,649,0.0,0.0,,-0.0,,250.0
topk_regime_confidence_filtered_auc_gated,5,0.075,top_k_fraction,0.47508981858531013,False,0.30126067996025085,0.12757167220115662,0.33953218162059784,True,0.0,0.0,0,1437,649,0.0,0.0,,-0.0,,250.0
topk_unfiltered,5,0.1,top_k_fraction,0.47508981858531013,False,0.30126067996025085,0.12757167220115662,0.33953218162059784,True,0.508,0.13065843621399176,250,1437,649,22.0,-11.572790715398549,45.45454545454545,-18.822838049498948,,221.06802321150363
topk_regime_filtered,5,0.1,top_k_fraction,0.47508981858531013,False,0.30126067996025085,0.12757167220115662,0.33953218162059784,True,0.5594405594405595,0.0823045267489712,143,1437,649,12.0,-8.09236801387974,41.66666666666667,-15.31075554324569,,229.76907996530065
topk_regime_confidence_filtered,5,0.1,top_k_fraction,0.47508981858531013,False,0.30126067996025085,0.12757167220115662,0.33953218162059784,True,0.4375,0.02880658436213992,64,1437,649,8.0,-7.0136636043205955,37.5,-11.956851837256233,,232.4658409891985
topk_unfiltered_auc_gated,5,0.1,top_k_fraction,0.47508981858531013,False,0.30126067996025085,0.12757167220115662,0.33953218162059784,True,0.0,0.0,0,1437,649,0.0,0.0,,-0.0,,250.0
topk_regime_filtered_auc_gated,5,0.1,top_k_fraction,0.47508981858531013,False,0.30126067996025085,0.12757167220115662,0.33953218162059784,True,0.0,0.0,0,1437,649,0.0,0.0,,-0.0,,250.0
topk_regime_confidence_filtered_auc_gated,5,0.1,top_k_fraction,0.47508981858531013,False,0.30126067996025085,0.12757167220115662,0.33953218162059784,True,0.0,0.0,0,1437,649,0.0,0.0,,-0.0,,250.0
topk_unfiltered,5,0.15,top_k_fraction,0.47508981858531013,False,0.30126067996025085,0.12757167220115662,0.33953218162059784,True,0.44533333333333336,0.17181069958847736,375,1437,649,23.0,-12.897123369418658,43.47826086956522,-20.03829081508822,,217.75719157645335
topk_regime_filtered,5,0.15,top_k_fraction,0.47508981858531013,False,0.30126067996025085,0.12757167220115662,0.33953218162059784,True,0.4883720930232558,0.10802469135802469,215,1437,649,14.0,-13.23266944223907,35.714285714285715,-20.047052600653103,,216.91832639440233
topk_regime_confidence_filtered,5,0.15,top_k_fraction,0.47508981858531013,False,0.30126067996025085,0.12757167220115662,0.33953218162059784,True,0.5360824742268041,0.053497942386831275,97,1437,649,11.0,5.525721319457534,63.63636363636363,-8.829554748694246,,263.81430329864384
topk_unfiltered_auc_gated,5,0.15,top_k_fraction,0.47508981858531013,False,0.30126067996025085,0.12757167220115662,0.33953218162059784,True,0.0,0.0,0,1437,649,0.0,0.0,,-0.0,,250.0
topk_regime_filtered_auc_gated,5,0.15,top_k_fraction,0.47508981858531013,False,0.30126067996025085,0.12757167220115662,0.33953218162059784,True,0.0,0.0,0,1437,649,0.0,0.0,,-0.0,,250.0
topk_regime_confidence_filtered_auc_gated,5,0.15,top_k_fraction,0.47508981858531013,False,0.30126067996025085,0.12757167220115662,0.33953218162059784,True,0.0,0.0,0,1437,649,0.0,0.0,,-0.0,,250.0
threshold_unfiltered,6,0.5,threshold,0.504132502895373,False,0.367961585521698,0.12247626483440399,0.4047044649720192,True,0.33152173913043476,0.1375422773393461,368,1432,463,46.0,-25.151494639218903,43.47826086956522,-34.571106037147295,,187.12126340195275
threshold_regime_filtered,6,0.5,threshold,0.504132502895373,False,0.367961585521698,0.12247626483440399,0.4047044649720192,True,0.3252032520325203,0.04509582863585118,123,1432,463,17.0,-7.921941621879852,47.05882352941176,-11.934142795276125,,230.19514594530037
threshold_regime_confidence_filtered,6,0.5,threshold,0.504132502895373,False,0.367961585521698,0.12247626483440399,0.4047044649720192,True,0.3252032520325203,0.04509582863585118,123,1432,463,17.0,-7.921941621879852,47.05882352941176,-11.934142795276125,,230.19514594530037
threshold_unfiltered_auc_gated,6,0.5,threshold,0.504132502895373,False,0.367961585521698,0.12247626483440399,0.4047044649720192,True,0.0,0.0,0,1432,463,0.0,0.0,,-0.0,,250.0
threshold_regime_filtered_auc_gated,6,0.5,threshold,0.504132502895373,False,0.367961585521698,0.12247626483440399,0.4047044649720192,True,0.0,0.0,0,1432,463,0.0,0.0,,-0.0,,250.0
threshold_regime_confidence_filtered_auc_gated,6,0.5,threshold,0.504132502895373,False,0.367961585521698,0.12247626483440399,0.4047044649720192,True,0.0,0.0,0,1432,463,0.0,0.0,,-0.0,,250.0
threshold_unfiltered,6,0.55,threshold,0.504132502895373,False,0.367961585521698,0.12247626483440399,0.4047044649720192,True,0.2956521739130435,0.038331454340473504,115,1432,463,27.0,-18.10692586831876,40.74074074074074,-25.49503009601849,,204.7326853292031
threshold_regime_filtered,6,0.55,threshold,0.504132502895373,False,0.367961585521698,0.12247626483440399,0.4047044649720192,True,0.13333333333333333,0.002254791431792559,15,1432,463,7.0,-9.337761184139538,28.57142857142857,-9.631486702774449,,226.65559703965116
threshold_regime_confidence_filtered,6,0.55,threshold,0.504132502895373,False,0.367961585521698,0.12247626483440399,0.4047044649720192,True,0.13333333333333333,0.002254791431792559,15,1432,463,7.0,-9.337761184139538,28.57142857142857,-9.631486702774449,,226.65559703965116
threshold_unfiltered_auc_gated,6,0.55,threshold,0.504132502895373,False,0.367961585521698,0.12247626483440399,0.4047044649720192,True,0.0,0.0,0,1432,463,0.0,0.0,,-0.0,,250.0
threshold_regime_filtered_auc_gated,6,0.55,threshold,0.504132502895373,False,0.367961585521698,0.12247626483440399,0.4047044649720192,True,0.0,0.0,0,1432,463,0.0,0.0,,-0.0,,250.0
threshold_regime_confidence_filtered_auc_gated,6,0.55,threshold,0.504132502895373,False,0.367961585521698,0.12247626483440399,0.4047044649720192,True,0.0,0.0,0,1432,463,0.0,0.0,,-0.0,,250.0
threshold_unfiltered,6,0.6000000000000001,threshold,0.504132502895373,False,0.367961585521698,0.12247626483440399,0.4047044649720192,True,0.21428571428571427,0.006764374295377677,28,1432,463,12.0,-12.78307306145906,33.33333333333333,-15.445960560714834,,218.04231734635235
threshold_regime_filtered,6,0.6000000000000001,threshold,0.504132502895373,False,0.367961585521698,0.12247626483440399,0.4047044649720192,True,0.0,0.0,2,1432,463,2.0,-0.48450982341998955,50.0,-4.12318153161012,,248.78872544145003
threshold_regime_confidence_filtered,6,0.6000000000000001,threshold,0.504132502895373,False,0.367961585521698,0.12247626483440399,0.4047044649720192,True,0.0,0.0,2,1432,463,2.0,-0.48450982341998955,50.0,-4.12318153161012,,248.78872544145003
threshold_unfiltered_auc_gated,6,0.6000000000000001,threshold,0.504132502895373,False,0.367961585521698,0.12247626483440399,0.4047044649720192,True,0.0,0.0,0,1432,463,0.0,0.0,,-0.0,,250.0
threshold_regime_filtered_auc_gated,6,0.6000000000000001,threshold,0.504132502895373,False,0.367961585521698,0.12247626483440399,0.4047044649720192,True,0.0,0.0,0,1432,463,0.0,0.0,,-0.0,,250.0
threshold_regime_confidence_filtered_auc_gated,6,0.6000000000000001,threshold,0.504132502895373,False,0.367961585521698,0.12247626483440399,0.4047044649720192,True,0.0,0.0,0,1432,463,0.0,0.0,,-0.0,,250.0
threshold_unfiltered,6,0.6500000000000001,threshold,0.504132502895373,False,0.367961585521698,0.12247626483440399,0.4047044649720192,True,0.0,0.0,2,1432,463,1.0,-2.9014853156397065,0.0,-2.901485315639707,,242.74628671090073
threshold_regime_filtered,6,0.6500000000000001,threshold,0.504132502895373,False,0.367961585521698,0.12247626483440399,0.4047044649720192,True,0.0,0.0,0,1432,463,0.0,0.0,,-0.0,,250.0
threshold_regime_confidence_filtered,6,0.6500000000000001,threshold,0.504132502895373,False,0.367961585521698,0.12247626483440399,0.4047044649720192,True,0.0,0.0,0,1432,463,0.0,0.0,,-0.0,,250.0
threshold_unfiltered_auc_gated,6,0.6500000000000001,threshold,0.504132502895373,False,0.367961585521698,0.12247626483440399,0.4047044649720192,True,0.0,0.0,0,1432,463,0.0,0.0,,-0.0,,250.0
threshold_regime_filtered_auc_gated,6,0.6500000000000001,threshold,0.504132502895373,False,0.367961585521698,0.12247626483440399,0.4047044649720192,True,0.0,0.0,0,1432,463,0.0,0.0,,-0.0,,250.0
threshold_regime_confidence_filtered_auc_gated,6,0.6500000000000001,threshold,0.504132502895373,False,0.367961585521698,0.12247626483440399,0.4047044649720192,True,0.0,0.0,0,1432,463,0.0,0.0,,-0.0,,250.0
threshold_unfiltered,6,0.7000000000000002,threshold,0.504132502895373,False,0.367961585521698,0.12247626483440399,0.4047044649720192,True,0.0,0.0,0,1432,463,0.0,0.0,,-0.0,,250.0
threshold_regime_filtered,6,0.7000000000000002,threshold,0.504132502895373,False,0.367961585521698,0.12247626483440399,0.4047044649720192,True,0.0,0.0,0,1432,463,0.0,0.0,,-0.0,,250.0
threshold_regime_confidence_filtered,6,0.7000000000000002,threshold,0.504132502895373,False,0.367961585521698,0.12247626483440399,0.4047044649720192,True,0.0,0.0,0,1432,463,0.0,0.0,,-0.0,,250.0
threshold_unfiltered_auc_gated,6,0.7000000000000002,threshold,0.504132502895373,False,0.367961585521698,0.12247626483440399,0.4047044649720192,True,0.0,0.0,0,1432,463,0.0,0.0,,-0.0,,250.0
threshold_regime_filtered_auc_gated,6,0.7000000000000002,threshold,0.504132502895373,False,0.367961585521698,0.12247626483440399,0.4047044649720192,True,0.0,0.0,0,1432,463,0.0,0.0,,-0.0,,250.0
threshold_regime_confidence_filtered_auc_gated,6,0.7000000000000002,threshold,0.504132502895373,False,0.367961585521698,0.12247626483440399,0.4047044649720192,True,0.0,0.0,0,1432,463,0.0,0.0,,-0.0,,250.0
threshold_unfiltered,6,0.7500000000000002,threshold,0.504132502895373,False,0.367961585521698,0.12247626483440399,0.4047044649720192,True,0.0,0.0,0,1432,463,0.0,0.0,,-0.0,,250.0
threshold_regime_filtered,6,0.7500000000000002,threshold,0.504132502895373,False,0.367961585521698,0.12247626483440399,0.4047044649720192,True,0.0,0.0,0,1432,463,0.0,0.0,,-0.0,,250.0
threshold_regime_confidence_filtered,6,0.7500000000000002,threshold,0.504132502895373,False,0.367961585521698,0.12247626483440399,0.4047044649720192,True,0.0,0.0,0,1432,463,0.0,0.0,,-0.0,,250.0
threshold_unfiltered_auc_gated,6,0.7500000000000002,threshold,0.504132502895373,False,0.367961585521698,0.12247626483440399,0.4047044649720192,True,0.0,0.0,0,1432,463,0.0,0.0,,-0.0,,250.0
threshold_regime_filtered_auc_gated,6,0.7500000000000002,threshold,0.504132502895373,False,0.367961585521698,0.12247626483440399,0.4047044649720192,True,0.0,0.0,0,1432,463,0.0,0.0,,-0.0,,250.0
threshold_regime_confidence_filtered_auc_gated,6,0.7500000000000002,threshold,0.504132502895373,False,0.367961585521698,0.12247626483440399,0.4047044649720192,True,0.0,0.0,0,1432,463,0.0,0.0,,-0.0,,250.0
threshold_unfiltered,6,0.8000000000000003,threshold,0.504132502895373,False,0.367961585521698,0.12247626483440399,0.4047044649720192,True,0.0,0.0,0,1432,463,0.0,0.0,,-0.0,,250.0
threshold_regime_filtered,6,0.8000000000000003,threshold,0.504132502895373,False,0.367961585521698,0.12247626483440399,0.4047044649720192,True,0.0,0.0,0,1432,463,0.0,0.0,,-0.0,,250.0
threshold_regime_confidence_filtered,6,0.8000000000000003,threshold,0.504132502895373,False,0.367961585521698,0.12247626483440399,0.4047044649720192,True,0.0,0.0,0,1432,463,0.0,0.0,,-0.0,,250.0
threshold_unfiltered_auc_gated,6,0.8000000000000003,threshold,0.504132502895373,False,0.367961585521698,0.12247626483440399,0.4047044649720192,True,0.0,0.0,0,1432,463,0.0,0.0,,-0.0,,250.0
threshold_regime_filtered_auc_gated,6,0.8000000000000003,threshold,0.504132502895373,False,0.367961585521698,0.12247626483440399,0.4047044649720192,True,0.0,0.0,0,1432,463,0.0,0.0,,-0.0,,250.0
threshold_regime_confidence_filtered_auc_gated,6,0.8000000000000003,threshold,0.504132502895373,False,0.367961585521698,0.12247626483440399,0.4047044649720192,True,0.0,0.0,0,1432,463,0.0,0.0,,-0.0,,250.0
topk_unfiltered,6,0.03,top_k_fraction,0.504132502895373,False,0.367961585521698,0.12247626483440399,0.4047044649720192,True,0.29333333333333333,0.02480270574971815,75,1432,463,23.0,-7.9352202461588375,47.82608695652174,-21.035465925792497,,230.1619493846029
topk_regime_filtered,6,0.03,top_k_fraction,0.504132502895373,False,0.367961585521698,0.12247626483440399,0.4047044649720192,True,0.21428571428571427,0.010146561443066516,42,1432,463,10.0,-12.427151606059466,30.0,-14.80246527534569,,218.93212098485134
topk_regime_confidence_filtered,6,0.03,top_k_fraction,0.504132502895373,False,0.367961585521698,0.12247626483440399,0.4047044649720192,True,0.15384615384615385,0.002254791431792559,13,1432,463,7.0,-4.27776786287992,42.857142857142854,-7.551813035402222,,239.3055803428002
topk_unfiltered_auc_gated,6,0.03,top_k_fraction,0.504132502895373,False,0.367961585521698,0.12247626483440399,0.4047044649720192,True,0.0,0.0,0,1432,463,0.0,0.0,,-0.0,,250.0
topk_regime_filtered_auc_gated,6,0.03,top_k_fraction,0.504132502895373,False,0.367961585521698,0.12247626483440399,0.4047044649720192,True,0.0,0.0,0,1432,463,0.0,0.0,,-0.0,,250.0
topk_regime_confidence_filtered_auc_gated,6,0.03,top_k_fraction,0.504132502895373,False,0.367961585521698,0.12247626483440399,0.4047044649720192,True,0.0,0.0,0,1432,463,0.0,0.0,,-0.0,,250.0
topk_unfiltered,6,0.05,top_k_fraction,0.504132502895373,False,0.367961585521698,0.12247626483440399,0.4047044649720192,True,0.272,0.038331454340473504,125,1432,463,28.0,-20.575244750279104,39.285714285714285,-27.74041876567389,,198.56188812430224
topk_regime_filtered,6,0.05,top_k_fraction,0.504132502895373,False,0.367961585521698,0.12247626483440399,0.4047044649720192,True,0.22535211267605634,0.018038331454340473,71,1432,463,15.0,-11.116111370179716,40.0,-13.526985511123325,,222.2097215745507
topk_regime_confidence_filtered,6,0.05,top_k_fraction,0.504132502895373,False,0.367961585521698,0.12247626483440399,0.4047044649720192,True,0.08695652173913043,0.002254791431792559,23,1432,463,8.0,-11.94908327477907,25.0,-12.234348689787456,,220.12729181305232
topk_unfiltered_auc_gated,6,0.05,top_k_fraction,0.504132502895373,False,0.367961585521698,0.12247626483440399,0.4047044649720192,True,0.0,0.0,0,1432,463,0.0,0.0,,-0.0,,250.0
topk_regime_filtered_auc_gated,6,0.05,top_k_fraction,0.504132502895373,False,0.367961585521698,0.12247626483440399,0.4047044649720192,True,0.0,0.0,0,1432,463,0.0,0.0,,-0.0,,250.0
topk_regime_confidence_filtered_auc_gated,6,0.05,top_k_fraction,0.504132502895373,False,0.367961585521698,0.12247626483440399,0.4047044649720192,True,0.0,0.0,0,1432,463,0.0,0.0,,-0.0,,250.0
topk_unfiltered,6,0.075,top_k_fraction,0.504132502895373,False,0.367961585521698,0.12247626483440399,0.4047044649720192,True,0.28342245989304815,0.05975197294250282,187,1432,463,37.0,-20.356447216239122,43.24324324324324,-30.672522266097737,,199.1088819594022
topk_regime_filtered,6,0.075,top_k_fraction,0.504132502895373,False,0.367961585521698,0.12247626483440399,0.4047044649720192,True,0.32710280373831774,0.03945885005636979,107,1432,463,16.0,-10.129636718019423,43.75,-13.66410747736192,,224.67590820495144
topk_regime_confidence_filtered,6,0.075,top_k_fraction,0.504132502895373,False,0.367961585521698,0.12247626483440399,0.4047044649720192,True,0.14705882352941177,0.005636978579481398,34,1432,463,9.0,-14.525452035758974,22.22222222222222,-14.802370588166147,,213.68636991060256
topk_unfiltered_auc_gated,6,0.075,top_k_fraction,0.504132502895373,False,0.367961585521698,0.12247626483440399,0.4047044649720192,True,0.0,0.0,0,1432,463,0.0,0.0,,-0.0,,250.0
topk_regime_filtered_auc_gated,6,0.075,top_k_fraction,0.504132502895373,False,0.367961585521698,0.12247626483440399,0.4047044649720192,True,0.0,0.0,0,1432,463,0.0,0.0,,-0.0,,250.0
topk_regime_confidence_filtered_auc_gated,6,0.075,top_k_fraction,0.504132502895373,False,0.367961585521698,0.12247626483440399,0.4047044649720192,True,0.0,0.0,0,1432,463,0.0,0.0,,-0.0,,250.0
topk_unfiltered,6,0.1,top_k_fraction,0.504132502895373,False,0.367961585521698,0.12247626483440399,0.4047044649720192,True,0.292,0.08229988726042842,250,1432,463,40.0,-18.582540516198833,45.0,-28.00143839440804,,203.54364870950292
topk_regime_filtered,6,0.1,top_k_fraction,0.504132502895373,False,0.367961585521698,0.12247626483440399,0.4047044649720192,True,0.35664335664335667,0.05749718151071026,143,1432,463,17.0,-7.8702075548601105,47.05882352941176,-11.934142795276125,,230.32448111284972
topk_regime_confidence_filtered,6,0.1,top_k_fraction,0.504132502895373,False,0.367961585521698,0.12247626483440399,0.4047044649720192,True,0.1956521739130435,0.010146561443066516,46,1432,463,11.0,-14.970937964059203,27.27272727272727,-17.277254328601842,,212.572655089852
topk_unfiltered_auc_gated,6,0.1,top_k_fraction,0.504132502895373,False,0.367961585521698,0.12247626483440399,0.4047044649720192,True,0.0,0.0,0,1432,463,0.0,0.0,,-0.0,,250.0
topk_regime_filtered_auc_gated,6,0.1,top_k_fraction,0.504132502895373,False,0.367961585521698,0.12247626483440399,0.4047044649720192,True,0.0,0.0,0,1432,463,0.0,0.0,,-0.0,,250.0
topk_regime_confidence_filtered_auc_gated,6,0.1,top_k_fraction,0.504132502895373,False,0.367961585521698,0.12247626483440399,0.4047044649720192,True,0.0,0.0,0,1432,463,0.0,0.0,,-0.0,,250.0
topk_unfiltered,6,0.15,top_k_fraction,0.504132502895373,False,0.367961585521698,0.12247626483440399,0.4047044649720192,True,0.336,0.14205186020293123,375,1432,463,46.0,-25.131359907138766,43.47826086956522,-34.55389255619351,,187.17160023215308
topk_regime_filtered,6,0.15,top_k_fraction,0.504132502895373,False,0.367961585521698,0.12247626483440399,0.4047044649720192,True,0.38317757009345793,0.09244644870349493,214,1432,463,17.0,-7.79689423638016,47.05882352941176,-13.268056149366892,,230.5077644090496
topk_regime_confidence_filtered,6,0.15,top_k_fraction,0.504132502895373,False,0.367961585521698,0.12247626483440399,0.4047044649720192,True,0.2318840579710145,0.018038331454340473,69,1432,463,14.0,-13.27768106045944,35.714285714285715,-15.629925087999187,,216.8057973488514
topk_unfiltered_auc_gated,6,0.15,top_k_fraction,0.504132502895373,False,0.367961585521698,0.12247626483440399,0.4047044649720192,True,0.0,0.0,0,1432,463,0.0,0.0,,-0.0,,250.0
topk_regime_filtered_auc_gated,6,0.15,top_k_fraction,0.504132502895373,False,0.367961585521698,0.12247626483440399,0.4047044649720192,True,0.0,0.0,0,1432,463,0.0,0.0,,-0.0,,250.0
topk_regime_confidence_filtered_auc_gated,6,0.15,top_k_fraction,0.504132502895373,False,0.367961585521698,0.12247626483440399,0.4047044649720192,True,0.0,0.0,0,1432,463,0.0,0.0,,-0.0,,250.0
threshold_unfiltered,7,0.5,threshold,0.4788536594179984,False,0.5363435745239258,0.22691601514816284,0.6044183790683746,True,0.2981878088962109,0.4725848563968668,1214,1549,490,42.0,-24.273784110377413,42.857142857142854,-31.493557608778623,,189.31553972405646
threshold_regime_filtered,7,0.5,threshold,0.4788536594179984,False,0.5363435745239258,0.22691601514816284,0.6044183790683746,True,0.28429752066115704,0.2245430809399478,605,1549,490,22.0,-5.05604122874098,50.0,-16.3693240143323,,237.35989692814755
threshold_regime_confidence_filtered,7,0.5,threshold,0.4788536594179984,False,0.5363435745239258,0.22691601514816284,0.6044183790683746,True,0.2816326530612245,0.1801566579634465,490,1549,490,15.0,-12.529252280279376,40.0,-17.83496882707345,,218.67686929930156
threshold_unfiltered_auc_gated,7,0.5,threshold,0.4788536594179984,False,0.5363435745239258,0.22691601514816284,0.6044183790683746,True,0.0,0.0,0,1549,490,0.0,0.0,,-0.0,,250.0
threshold_regime_filtered_auc_gated,7,0.5,threshold,0.4788536594179984,False,0.5363435745239258,0.22691601514816284,0.6044183790683746,True,0.0,0.0,0,1549,490,0.0,0.0,,-0.0,,250.0
threshold_regime_confidence_filtered_auc_gated,7,0.5,threshold,0.4788536594179984,False,0.5363435745239258,0.22691601514816284,0.6044183790683746,True,0.0,0.0,0,1549,490,0.0,0.0,,-0.0,,250.0
threshold_unfiltered,7,0.55,threshold,0.4788536594179984,False,0.5363435745239258,0.22691601514816284,0.6044183790683746,True,0.29143897996357016,0.4177545691906005,1098,1549,490,34.0,-27.07840455565849,38.23529411764706,-32.72296155852062,,182.30398861085376
threshold_regime_filtered,7,0.55,threshold,0.4788536594179984,False,0.5363435745239258,0.22691601514816284,0.6044183790683746,True,0.27339449541284405,0.19451697127937337,545,1549,490,15.0,-12.601055729918778,40.0,-17.902360107965965,,218.49736067520305
threshold_regime_confidence_filtered,7,0.55,threshold,0.4788536594179984,False,0.5363435745239258,0.22691601514816284,0.6044183790683746,True,0.2816326530612245,0.1801566579634465,490,1549,490,15.0,-12.529252280279376,40.0,-17.83496882707345,,218.67686929930156
threshold_unfiltered_auc_gated,7,0.55,threshold,0.4788536594179984,False,0.5363435745239258,0.22691601514816284,0.6044183790683746,True,0.0,0.0,0,1549,490,0.0,0.0,,-0.0,,250.0
threshold_regime_filtered_auc_gated,7,0.55,threshold,0.4788536594179984,False,0.5363435745239258,0.22691601514816284,0.6044183790683746,True,0.0,0.0,0,1549,490,0.0,0.0,,-0.0,,250.0
threshold_regime_confidence_filtered_auc_gated,7,0.55,threshold,0.4788536594179984,False,0.5363435745239258,0.22691601514816284,0.6044183790683746,True,0.0,0.0,0,1549,490,0.0,0.0,,-0.0,,250.0
threshold_unfiltered,7,0.6000000000000001,threshold,0.4788536594179984,False,0.5363435745239258,0.22691601514816284,0.6044183790683746,True,0.3016032064128257,0.39295039164490864,998,1549,490,34.0,-27.016193545117346,38.23529411764706,-30.910244387972018,,182.45951613720663
threshold_regime_filtered,7,0.6000000000000001,threshold,0.4788536594179984,False,0.5363435745239258,0.22691601514816284,0.6044183790683746,True,0.2828282828282828,0.18276762402088773,495,1549,490,15.0,-12.529252280279376,40.0,-17.83496882707345,,218.67686929930156
threshold_regime_confidence_filtered,7,0.6000000000000001,threshold,0.4788536594179984,False,0.5363435745239258,0.22691601514816284,0.6044183790683746,True,0.2816326530612245,0.1801566579634465,490,1549,490,15.0,-12.529252280279376,40.0,-17.83496882707345,,218.67686929930156
threshold_unfiltered_auc_gated,7,0.6000000000000001,threshold,0.4788536594179984,False,0.5363435745239258,0.22691601514816284,0.6044183790683746,True,0.0,0.0,0,1549,490,0.0,0.0,,-0.0,,250.0
threshold_regime_filtered_auc_gated,7,0.6000000000000001,threshold,0.4788536594179984,False,0.5363435745239258,0.22691601514816284,0.6044183790683746,True,0.0,0.0,0,1549,490,0.0,0.0,,-0.0,,250.0
threshold_regime_confidence_filtered_auc_gated,7,0.6000000000000001,threshold,0.4788536594179984,False,0.5363435745239258,0.22691601514816284,0.6044183790683746,True,0.0,0.0,0,1549,490,0.0,0.0,,-0.0,,250.0
threshold_unfiltered,7,0.6500000000000001,threshold,0.4788536594179984,False,0.5363435745239258,0.22691601514816284,0.6044183790683746,True,0.30846325167037864,0.36161879895561355,898,1549,490,31.0,-32.33835737429708,32.25806451612903,-35.94845236753562,,169.1541065642573
threshold_regime_filtered,7,0.6500000000000001,threshold,0.4788536594179984,False,0.5363435745239258,0.22691601514816284,0.6044183790683746,True,0.2854077253218884,0.17362924281984335,466,1549,490,14.0,-9.985119661979775,42.857142857142854,-15.445112319199684,,225.03720084505056
threshold_regime_confidence_filtered,7,0.6500000000000001,threshold,0.4788536594179984,False,0.5363435745239258,0.22691601514816284,0.6044183790683746,True,0.2854077253218884,0.17362924281984335,466,1549,490,14.0,-9.985119661979775,42.857142857142854,-15.445112319199684,,225.03720084505056
threshold_unfiltered_auc_gated,7,0.6500000000000001,threshold,0.4788536594179984,False,0.5363435745239258,0.22691601514816284,0.6044183790683746,True,0.0,0.0,0,1549,490,0.0,0.0,,-0.0,,250.0
threshold_regime_filtered_auc_gated,7,0.6500000000000001,threshold,0.4788536594179984,False,0.5363435745239258,0.22691601514816284,0.6044183790683746,True,0.0,0.0,0,1549,490,0.0,0.0,,-0.0,,250.0
threshold_regime_confidence_filtered_auc_gated,7,0.6500000000000001,threshold,0.4788536594179984,False,0.5363435745239258,0.22691601514816284,0.6044183790683746,True,0.0,0.0,0,1549,490,0.0,0.0,,-0.0,,250.0
threshold_unfiltered,7,0.7000000000000002,threshold,0.4788536594179984,False,0.5363435745239258,0.22691601514816284,0.6044183790683746,True,0.31186868686868685,0.3224543080939948,792,1549,490,28.0,-26.038055969317554,35.714285714285715,-30.300895597339363,,184.90486007670611
threshold_regime_filtered,7,0.7000000000000002,threshold,0.4788536594179984,False,0.5363435745239258,0.22691601514816284,0.6044183790683746,True,0.27751196172248804,0.1514360313315927,418,1549,490,13.0,-7.268999776160058,46.15384615384615,-13.027465237392411,,231.82750055959986
threshold_regime_confidence_filtered,7,0.7000000000000002,threshold,0.4788536594179984,False,0.5363435745239258,0.22691601514816284,0.6044183790683746,True,0.27751196172248804,0.1514360313315927,418,1549,490,13.0,-7.268999776160058,46.15384615384615,-13.027465237392411,,231.82750055959986
threshold_unfiltered_auc_gated,7,0.7000000000000002,threshold,0.4788536594179984,False,0.5363435745239258,0.22691601514816284,0.6044183790683746,True,0.0,0.0,0,1549,490,0.0,0.0,,-0.0,,250.0
threshold_regime_filtered_auc_gated,7,0.7000000000000002,threshold,0.4788536594179984,False,0.5363435745239258,0.22691601514816284,0.6044183790683746,True,0.0,0.0,0,1549,490,0.0,0.0,,-0.0,,250.0
threshold_regime_confidence_filtered_auc_gated,7,0.7000000000000002,threshold,0.4788536594179984,False,0.5363435745239258,0.22691601514816284,0.6044183790683746,True,0.0,0.0,0,1549,490,0.0,0.0,,-0.0,,250.0
threshold_unfiltered,7,0.7500000000000002,threshold,0.4788536594179984,False,0.5363435745239258,0.22691601514816284,0.6044183790683746,True,0.31546707503828486,0.2689295039164491,653,1549,490,30.0,-18.593936017678278,40.0,-25.925739561167426,,203.5151599558043
threshold_regime_filtered,7,0.7500000000000002,threshold,0.4788536594179984,False,0.5363435745239258,0.22691601514816284,0.6044183790683746,True,0.28488372093023256,0.1279373368146214,344,1549,490,14.0,-8.506559857138564,42.857142857142854,-13.88028801051201,,228.7336003571536
threshold_regime_confidence_filtered,7,0.7500000000000002,threshold,0.4788536594179984,False,0.5363435745239258,0.22691601514816284,0.6044183790683746,True,0.28488372093023256,0.1279373368146214,344,1549,490,14.0,-8.506559857138564,42.857142857142854,-13.88028801051201,,228.7336003571536
threshold_unfiltered_auc_gated,7,0.7500000000000002,threshold,0.4788536594179984,False,0.5363435745239258,0.22691601514816284,0.6044183790683746,True,0.0,0.0,0,1549,490,0.0,0.0,,-0.0,,250.0
threshold_regime_filtered_auc_gated,7,0.7500000000000002,threshold,0.4788536594179984,False,0.5363435745239258,0.22691601514816284,0.6044183790683746,True,0.0,0.0,0,1549,490,0.0,0.0,,-0.0,,250.0
threshold_regime_confidence_filtered_auc_gated,7,0.7500000000000002,threshold,0.4788536594179984,False,0.5363435745239258,0.22691601514816284,0.6044183790683746,True,0.0,0.0,0,1549,490,0.0,0.0,,-0.0,,250.0
threshold_unfiltered,7,0.8000000000000003,threshold,0.4788536594179984,False,0.5363435745239258,0.22691601514816284,0.6044183790683746,True,0.328125,0.1919060052219321,448,1549,490,23.0,-13.866804248358086,43.47826086956522,-20.67873901096453,,215.3329893791048
threshold_regime_filtered,7,0.8000000000000003,threshold,0.4788536594179984,False,0.5363435745239258,0.22691601514816284,0.6044183790683746,True,0.2850467289719626,0.07963446475195822,214,1549,490,14.0,-9.797046517677801,42.857142857142854,-17.841022444236575,,225.5073837058055
threshold_regime_confidence_filtered,7,0.8000000000000003,threshold,0.4788536594179984,False,0.5363435745239258,0.22691601514816284,0.6044183790683746,True,0.2850467289719626,0.07963446475195822,214,1549,490,14.0,-9.797046517677801,42.857142857142854,-17.841022444236575,,225.5073837058055
threshold_unfiltered_auc_gated,7,0.8000000000000003,threshold,0.4788536594179984,False,0.5363435745239258,0.22691601514816284,0.6044183790683746,True,0.0,0.0,0,1549,490,0.0,0.0,,-0.0,,250.0
threshold_regime_filtered_auc_gated,7,0.8000000000000003,threshold,0.4788536594179984,False,0.5363435745239258,0.22691601514816284,0.6044183790683746,True,0.0,0.0,0,1549,490,0.0,0.0,,-0.0,,250.0
threshold_regime_confidence_filtered_auc_gated,7,0.8000000000000003,threshold,0.4788536594179984,False,0.5363435745239258,0.22691601514816284,0.6044183790683746,True,0.0,0.0,0,1549,490,0.0,0.0,,-0.0,,250.0
topk_unfiltered,7,0.03,top_k_fraction,0.4788536594179984,False,0.5363435745239258,0.22691601514816284,0.6044183790683746,True,0.30666666666666664,0.030026109660574413,75,1549,490,12.0,-12.821930192259867,33.33333333333333,-19.479636587210557,,217.94517451935033
topk_regime_filtered,7,0.03,top_k_fraction,0.4788536594179984,False,0.5363435745239258,0.22691601514816284,0.6044183790683746,True,0.2608695652173913,0.015665796344647518,46,1549,490,5.0,-3.9210015908000515,40.0,-6.9436021072909915,,240.19749602299987
topk_regime_confidence_filtered,7,0.03,top_k_fraction,0.4788536594179984,False,0.5363435745239258,0.22691601514816284,0.6044183790683746,True,0.07142857142857142,0.0013054830287206266,14,1549,490,2.0,5.034422953479202,100.0,-2.027919834838532,,262.586057383698
topk_unfiltered_auc_gated,7,0.03,top_k_fraction,0.4788536594179984,False,0.5363435745239258,0.22691601514816284,0.6044183790683746,True,0.0,0.0,0,1549,490,0.0,0.0,,-0.0,,250.0
topk_regime_filtered_auc_gated,7,0.03,top_k_fraction,0.4788536594179984,False,0.5363435745239258,0.22691601514816284,0.6044183790683746,True,0.0,0.0,0,1549,490,0.0,0.0,,-0.0,,250.0
topk_regime_confidence_filtered_auc_gated,7,0.03,top_k_fraction,0.4788536594179984,False,0.5363435745239258,0.22691601514816284,0.6044183790683746,True,0.0,0.0,0,1549,490,0.0,0.0,,-0.0,,250.0
topk_unfiltered,7,0.05,top_k_fraction,0.4788536594179984,False,0.5363435745239258,0.22691601514816284,0.6044183790683746,True,0.32,0.05221932114882506,125,1549,490,15.0,-11.19893057377983,40.0,-15.517570284823911,,222.00267356555042
topk_regime_filtered,7,0.05,top_k_fraction,0.4788536594179984,False,0.5363435745239258,0.22691601514816284,0.6044183790683746,True,0.2077922077922078,0.020887728459530026,77,1549,490,4.0,-6.2354893900994055,25.0,-7.931039816724262,,234.4112765247515
topk_regime_confidence_filtered,7,0.05,top_k_fraction,0.4788536594179984,False,0.5363435745239258,0.22691601514816284,0.6044183790683746,True,0.3333333333333333,0.010443864229765013,24,1549,490,2.0,-0.5285845999995672,50.0,-3.7634152036569612,,248.67853850000108
topk_unfiltered_auc_gated,7,0.05,top_k_fraction,0.4788536594179984,False,0.5363435745239258,0.22691601514816284,0.6044183790683746,True,0.0,0.0,0,1549,490,0.0,0.0,,-0.0,,250.0
topk_regime_filtered_auc_gated,7,0.05,top_k_fraction,0.4788536594179984,False,0.5363435745239258,0.22691601514816284,0.6044183790683746,True,0.0,0.0,0,1549,490,0.0,0.0,,-0.0,,250.0
topk_regime_confidence_filtered_auc_gated,7,0.05,top_k_fraction,0.4788536594179984,False,0.5363435745239258,0.22691601514816284,0.6044183790683746,True,0.0,0.0,0,1549,490,0.0,0.0,,-0.0,,250.0
topk_unfiltered,7,0.075,top_k_fraction,0.4788536594179984,False,0.5363435745239258,0.22691601514816284,0.6044183790683746,True,0.3315508021390374,0.08093994778067885,187,1549,490,18.0,-9.316800282839983,44.44444444444444,-13.757100578692683,,226.70799929290004
topk_regime_filtered,7,0.075,top_k_fraction,0.4788536594179984,False,0.5363435745239258,0.22691601514816284,0.6044183790683746,True,0.20689655172413793,0.031331592689295036,116,1549,490,9.0,-9.883998299578515,33.33333333333333,-13.009016680839668,,225.29000425105372
topk_regime_confidence_filtered,7,0.075,top_k_fraction,0.4788536594179984,False,0.5363435745239258,0.22691601514816284,0.6044183790683746,True,0.3055555555555556,0.014360313315926894,36,1549,490,3.0,-3.4174014926998666,33.33333333333333,-5.163911606584026,,241.45649626825033
topk_unfiltered_auc_gated,7,0.075,top_k_fraction,0.4788536594179984,False,0.5363435745239258,0.22691601514816284,0.6044183790683746,True,0.0,0.0,0,1549,490,0.0,0.0,,-0.0,,250.0
topk_regime_filtered_auc_gated,7,0.075,top_k_fraction,0.4788536594179984,False,0.5363435745239258,0.22691601514816284,0.6044183790683746,True,0.0,0.0,0,1549,490,0.0,0.0,,-0.0,,250.0
topk_regime_confidence_filtered_auc_gated,7,0.075,top_k_fraction,0.4788536594179984,False,0.5363435745239258,0.22691601514816284,0.6044183790683746,True,0.0,0.0,0,1549,490,0.0,0.0,,-0.0,,250.0
topk_unfiltered,7,0.1,top_k_fraction,0.4788536594179984,False,0.5363435745239258,0.22691601514816284,0.6044183790683746,True,0.324,0.10574412532637076,250,1549,490,18.0,-10.433908750019816,44.44444444444444,-15.92701829196821,,223.91522812495046
topk_regime_filtered,7,0.1,top_k_fraction,0.4788536594179984,False,0.5363435745239258,0.22691601514816284,0.6044183790683746,True,0.2532467532467532,0.050913838120104436,154,1549,490,11.0,-10.228290409638419,36.36363636363637,-13.548794293564914,,224.42927397590395
topk_regime_confidence_filtered,7,0.1,top_k_fraction,0.4788536594179984,False,0.5363435745239258,0.22691601514816284,0.6044183790683746,True,0.24489795918367346,0.015665796344647518,49,1549,490,5.0,-3.9210015908000515,40.0,-6.9436021072909915,,240.19749602299987
topk_unfiltered_auc_gated,7,0.1,top_k_fraction,0.4788536594179984,False,0.5363435745239258,0.22691601514816284,0.6044183790683746,True,0.0,0.0,0,1549,490,0.0,0.0,,-0.0,,250.0
topk_regime_filtered_auc_gated,7,0.1,top_k_fraction,0.4788536594179984,False,0.5363435745239258,0.22691601514816284,0.6044183790683746,True,0.0,0.0,0,1549,490,0.0,0.0,,-0.0,,250.0
topk_regime_confidence_filtered_auc_gated,7,0.1,top_k_fraction,0.4788536594179984,False,0.5363435745239258,0.22691601514816284,0.6044183790683746,True,0.0,0.0,0,1549,490,0.0,0.0,,-0.0,,250.0
topk_unfiltered,7,0.15,top_k_fraction,0.4788536594179984,False,0.5363435745239258,0.22691601514816284,0.6044183790683746,True,0.32266666666666666,0.15796344647519583,375,1549,490,22.0,-16.00494727271814,40.909090909090914,-20.830118380399696,,209.98763181820465
topk_regime_filtered,7,0.15,top_k_fraction,0.4788536594179984,False,0.5363435745239258,0.22691601514816284,0.6044183790683746,True,0.2974137931034483,0.09007832898172324,232,1549,490,14.0,-9.86970220515775,42.857142857142854,-17.90716074570563,,225.32574448710562
topk_regime_confidence_filtered,7,0.15,top_k_fraction,0.4788536594179984,False,0.5363435745239258,0.22691601514816284,0.6044183790683746,True,0.2191780821917808,0.020887728459530026,73,1549,490,4.0,-6.2354893900994055,25.0,-7.931039816724262,,234.4112765247515
topk_unfiltered_auc_gated,7,0.15,top_k_fraction,0.4788536594179984,False,0.5363435745239258,0.22691601514816284,0.6044183790683746,True,0.0,0.0,0,1549,490,0.0,0.0,,-0.0,,250.0
topk_regime_filtered_auc_gated,7,0.15,top_k_fraction,0.4788536594179984,False,0.5363435745239258,0.22691601514816284,0.6044183790683746,True,0.0,0.0,0,1549,490,0.0,0.0,,-0.0,,250.0
topk_regime_confidence_filtered_auc_gated,7,0.15,top_k_fraction,0.4788536594179984,False,0.5363435745239258,0.22691601514816284,0.6044183790683746,True,0.0,0.0,0,1549,490,0.0,0.0,,-0.0,,250.0
threshold_unfiltered,8,0.5,threshold,0.4852835649532375,False,0.49764999747276306,0.2514480948448181,0.5730844259262085,True,0.2793522267206478,0.3556701030927835,988,1463,562,33.0,-29.392041747637393,36.36363636363637,-33.633529334738085,,176.51989563090652
threshold_regime_filtered,8,0.5,threshold,0.4852835649532375,False,0.49764999747276306,0.2514480948448181,0.5730844259262085,True,0.31129032258064515,0.24871134020618557,620,1463,562,17.0,-22.26917088271855,29.411764705882355,-25.450673509933697,,194.32707279320363
threshold_regime_confidence_filtered,8,0.5,threshold,0.4852835649532375,False,0.49764999747276306,0.2514480948448181,0.5730844259262085,True,0.3238434163701068,0.2345360824742268,562,1463,562,16.0,-15.402641127239052,37.5,-19.126775539079908,,211.49339718190237
threshold_unfiltered_auc_gated,8,0.5,threshold,0.4852835649532375,False,0.49764999747276306,0.2514480948448181,0.5730844259262085,True,0.0,0.0,0,1463,562,0.0,0.0,,-0.0,,250.0
threshold_regime_filtered_auc_gated,8,0.5,threshold,0.4852835649532375,False,0.49764999747276306,0.2514480948448181,0.5730844259262085,True,0.0,0.0,0,1463,562,0.0,0.0,,-0.0,,250.0
threshold_regime_confidence_filtered_auc_gated,8,0.5,threshold,0.4852835649532375,False,0.49764999747276306,0.2514480948448181,0.5730844259262085,True,0.0,0.0,0,1463,562,0.0,0.0,,-0.0,,250.0
threshold_unfiltered,8,0.55,threshold,0.4852835649532375,False,0.49764999747276306,0.2514480948448181,0.5730844259262085,True,0.2825361512791991,0.327319587628866,899,1463,562,29.0,-28.681828209937205,34.48275862068966,-31.82383318551866,,178.295429475157
threshold_regime_filtered,8,0.55,threshold,0.4852835649532375,False,0.49764999747276306,0.2514480948448181,0.5730844259262085,True,0.3166089965397924,0.23582474226804123,578,1463,562,16.0,-19.907489495418123,31.25,-23.433213741728785,,200.2312762614547
threshold_regime_confidence_filtered,8,0.55,threshold,0.4852835649532375,False,0.49764999747276306,0.2514480948448181,0.5730844259262085,True,0.3238434163701068,0.2345360824742268,562,1463,562,16.0,-15.402641127239052,37.5,-19.126775539079908,,211.49339718190237
threshold_unfiltered_auc_gated,8,0.55,threshold,0.4852835649532375,False,0.49764999747276306,0.2514480948448181,0.5730844259262085,True,0.0,0.0,0,1463,562,0.0,0.0,,-0.0,,250.0
threshold_regime_filtered_auc_gated,8,0.55,threshold,0.4852835649532375,False,0.49764999747276306,0.2514480948448181,0.5730844259262085,True,0.0,0.0,0,1463,562,0.0,0.0,,-0.0,,250.0
threshold_regime_confidence_filtered_auc_gated,8,0.55,threshold,0.4852835649532375,False,0.49764999747276306,0.2514480948448181,0.5730844259262085,True,0.0,0.0,0,1463,562,0.0,0.0,,-0.0,,250.0
threshold_unfiltered,8,0.6000000000000001,threshold,0.4852835649532375,False,0.49764999747276306,0.2514480948448181,0.5730844259262085,True,0.28606060606060607,0.30412371134020616,825,1463,562,26.0,-29.995423196617278,30.76923076923077,-33.07948534506724,,175.0114420084568
threshold_regime_filtered,8,0.6000000000000001,threshold,0.4852835649532375,False,0.49764999747276306,0.2514480948448181,0.5730844259262085,True,0.3179297597042514,0.22164948453608246,541,1463,562,14.0,-10.213671330259604,42.857142857142854,-14.165988893064164,,224.465821674351
threshold_regime_confidence_filtered,8,0.6000000000000001,threshold,0.4852835649532375,False,0.49764999747276306,0.2514480948448181,0.5730844259262085,True,0.3179297597042514,0.22164948453608246,541,1463,562,14.0,-10.213671330259604,42.857142857142854,-14.165988893064164,,224.465821674351
threshold_unfiltered_auc_gated,8,0.6000000000000001,threshold,0.4852835649532375,False,0.49764999747276306,0.2514480948448181,0.5730844259262085,True,0.0,0.0,0,1463,562,0.0,0.0,,-0.0,,250.0
threshold_regime_filtered_auc_gated,8,0.6000000000000001,threshold,0.4852835649532375,False,0.49764999747276306,0.2514480948448181,0.5730844259262085,True,0.0,0.0,0,1463,562,0.0,0.0,,-0.0,,250.0
threshold_regime_confidence_filtered_auc_gated,8,0.6000000000000001,threshold,0.4852835649532375,False,0.49764999747276306,0.2514480948448181,0.5730844259262085,True,0.0,0.0,0,1463,562,0.0,0.0,,-0.0,,250.0
threshold_unfiltered,8,0.6500000000000001,threshold,0.4852835649532375,False,0.49764999747276306,0.2514480948448181,0.5730844259262085,True,0.29450261780104714,0.28994845360824745,764,1463,562,23.0,-19.291007349618837,39.130434782608695,-22.597317501572554,,201.7724816259529
threshold_regime_filtered,8,0.6500000000000001,threshold,0.4852835649532375,False,0.49764999747276306,0.2514480948448181,0.5730844259262085,True,0.322265625,0.21262886597938144,512,1463,562,11.0,-7.047716505699269,45.45454545454545,-11.81001263466187,,232.38070873575182
threshold_regime_confidence_filtered,8,0.6500000000000001,threshold,0.4852835649532375,False,0.49764999747276306,0.2514480948448181,0.5730844259262085,True,0.322265625,0.21262886597938144,512,1463,562,11.0,-7.047716505699269,45.45454545454545,-11.81001263466187,,232.38070873575182
threshold_unfiltered_auc_gated,8,0.6500000000000001,threshold,0.4852835649532375,False,0.49764999747276306,0.2514480948448181,0.5730844259262085,True,0.0,0.0,0,1463,562,0.0,0.0,,-0.0,,250.0
threshold_regime_filtered_auc_gated,8,0.6500000000000001,threshold,0.4852835649532375,False,0.49764999747276306,0.2514480948448181,0.5730844259262085,True,0.0,0.0,0,1463,562,0.0,0.0,,-0.0,,250.0
threshold_regime_confidence_filtered_auc_gated,8,0.6500000000000001,threshold,0.4852835649532375,False,0.49764999747276306,0.2514480948448181,0.5730844259262085,True,0.0,0.0,0,1463,562,0.0,0.0,,-0.0,,250.0
threshold_unfiltered,8,0.7000000000000002,threshold,0.4852835649532375,False,0.49764999747276306,0.2514480948448181,0.5730844259262085,True,0.2914364640883978,0.27190721649484534,724,1463,562,20.0,-15.53450889347929,40.0,-20.223158069665203,,211.16372776630178
threshold_regime_filtered,8,0.7000000000000002,threshold,0.4852835649532375,False,0.49764999747276306,0.2514480948448181,0.5730844259262085,True,0.31752577319587627,0.19845360824742267,485,1463,562,11.0,-7.126935706799224,45.45454545454545,-12.053023820843,,232.18266073300194
threshold_regime_confidence_filtered,8,0.7000000000000002,threshold,0.4852835649532375,False,0.49764999747276306,0.2514480948448181,0.5730844259262085,True,0.31752577319587627,0.19845360824742267,485,1463,562,11.0,-7.126935706799224,45.45454545454545,-12.053023820843,,232.18266073300194
threshold_unfiltered_auc_gated,8,0.7000000000000002,threshold,0.4852835649532375,False,0.49764999747276306,0.2514480948448181,0.5730844259262085,True,0.0,0.0,0,1463,562,0.0,0.0,,-0.0,,250.0
threshold_regime_filtered_auc_gated,8,0.7000000000000002,threshold,0.4852835649532375,False,0.49764999747276306,0.2514480948448181,0.5730844259262085,True,0.0,0.0,0,1463,562,0.0,0.0,,-0.0,,250.0
threshold_regime_confidence_filtered_auc_gated,8,0.7000000000000002,threshold,0.4852835649532375,False,0.49764999747276306,0.2514480948448181,0.5730844259262085,True,0.0,0.0,0,1463,562,0.0,0.0,,-0.0,,250.0
threshold_unfiltered,8,0.7500000000000002,threshold,0.4852835649532375,False,0.49764999747276306,0.2514480948448181,0.5730844259262085,True,0.29721362229102166,0.24742268041237114,646,1463,562,19.0,-13.120878456858803,42.10526315789473,-19.244031149378195,,217.197803857853
threshold_regime_filtered,8,0.7500000000000002,threshold,0.4852835649532375,False,0.49764999747276306,0.2514480948448181,0.5730844259262085,True,0.3195402298850575,0.1791237113402062,435,1463,562,10.0,-4.330969208299109,50.0,-10.169216244493517,,239.17257697925223
threshold_regime_confidence_filtered,8,0.7500000000000002,threshold,0.4852835649532375,False,0.49764999747276306,0.2514480948448181,0.5730844259262085,True,0.3195402298850575,0.1791237113402062,435,1463,562,10.0,-4.330969208299109,50.0,-10.169216244493517,,239.17257697925223
threshold_unfiltered_auc_gated,8,0.7500000000000002,threshold,0.4852835649532375,False,0.49764999747276306,0.2514480948448181,0.5730844259262085,True,0.0,0.0,0,1463,562,0.0,0.0,,-0.0,,250.0
threshold_regime_filtered_auc_gated,8,0.7500000000000002,threshold,0.4852835649532375,False,0.49764999747276306,0.2514480948448181,0.5730844259262085,True,0.0,0.0,0,1463,562,0.0,0.0,,-0.0,,250.0
threshold_regime_confidence_filtered_auc_gated,8,0.7500000000000002,threshold,0.4852835649532375,False,0.49764999747276306,0.2514480948448181,0.5730844259262085,True,0.0,0.0,0,1463,562,0.0,0.0,,-0.0,,250.0
threshold_unfiltered,8,0.8000000000000003,threshold,0.4852835649532375,False,0.49764999747276306,0.2514480948448181,0.5730844259262085,True,0.3106457242582897,0.22938144329896906,573,1463,562,19.0,-13.095199829578622,42.10526315789473,-19.58636294523364,,217.26200042605345
threshold_regime_filtered,8,0.8000000000000003,threshold,0.4852835649532375,False,0.49764999747276306,0.2514480948448181,0.5730844259262085,True,0.3239795918367347,0.163659793814433,392,1463,562,10.0,-4.278282293358757,50.0,-10.169623925489246,,239.3042942666031
threshold_regime_confidence_filtered,8,0.8000000000000003,threshold,0.4852835649532375,False,0.49764999747276306,0.2514480948448181,0.5730844259262085,True,0.3239795918367347,0.163659793814433,392,1463,562,10.0,-4.278282293358757,50.0,-10.169623925489246,,239.3042942666031
threshold_unfiltered_auc_gated,8,0.8000000000000003,threshold,0.4852835649532375,False,0.49764999747276306,0.2514480948448181,0.5730844259262085,True,0.0,0.0,0,1463,562,0.0,0.0,,-0.0,,250.0
threshold_regime_filtered_auc_gated,8,0.8000000000000003,threshold,0.4852835649532375,False,0.49764999747276306,0.2514480948448181,0.5730844259262085,True,0.0,0.0,0,1463,562,0.0,0.0,,-0.0,,250.0
threshold_regime_confidence_filtered_auc_gated,8,0.8000000000000003,threshold,0.4852835649532375,False,0.49764999747276306,0.2514480948448181,0.5730844259262085,True,0.0,0.0,0,1463,562,0.0,0.0,,-0.0,,250.0
topk_unfiltered,8,0.03,top_k_fraction,0.4852835649532375,False,0.49764999747276306,0.2514480948448181,0.5730844259262085,True,0.5066666666666667,0.04896907216494845,75,1463,562,5.0,6.238513282338863,80.0,-5.655775086640801,,265.59628320584716
topk_regime_filtered,8,0.03,top_k_fraction,0.4852835649532375,False,0.49764999747276306,0.2514480948448181,0.5730844259262085,True,0.5116279069767442,0.028350515463917526,43,1463,562,4.0,10.115471467699468,100.0,-2.912680471646789,,275.28867866924867
topk_regime_confidence_filtered,8,0.03,top_k_fraction,0.4852835649532375,False,0.49764999747276306,0.2514480948448181,0.5730844259262085,True,0.5625,0.011597938144329897,16,1463,562,2.0,4.077436346819445,100.0,-2.9310755510053577,,260.1935908670486
topk_unfiltered_auc_gated,8,0.03,top_k_fraction,0.4852835649532375,False,0.49764999747276306,0.2514480948448181,0.5730844259262085,True,0.0,0.0,0,1463,562,0.0,0.0,,-0.0,,250.0
topk_regime_filtered_auc_gated,8,0.03,top_k_fraction,0.4852835649532375,False,0.49764999747276306,0.2514480948448181,0.5730844259262085,True,0.0,0.0,0,1463,562,0.0,0.0,,-0.0,,250.0
topk_regime_confidence_filtered_auc_gated,8,0.03,top_k_fraction,0.4852835649532375,False,0.49764999747276306,0.2514480948448181,0.5730844259262085,True,0.0,0.0,0,1463,562,0.0,0.0,,-0.0,,250.0
topk_unfiltered,8,0.05,top_k_fraction,0.4852835649532375,False,0.49764999747276306,0.2514480948448181,0.5730844259262085,True,0.456,0.07345360824742268,125,1463,562,8.0,-8.15814056844025,37.5,-12.453740218926546,,229.60464857889937
topk_regime_filtered,8,0.05,top_k_fraction,0.4852835649532375,False,0.49764999747276306,0.2514480948448181,0.5730844259262085,True,0.5068493150684932,0.04768041237113402,73,1463,562,5.0,5.893111763319143,80.0,-5.655775086640801,,264.73277940829786
topk_regime_confidence_filtered,8,0.05,top_k_fraction,0.4852835649532375,False,0.49764999747276306,0.2514480948448181,0.5730844259262085,True,0.6428571428571429,0.023195876288659795,28,1463,562,3.0,7.375444777239613,100.0,-2.9127957325376985,,268.43861194309903
topk_unfiltered_auc_gated,8,0.05,top_k_fraction,0.4852835649532375,False,0.49764999747276306,0.2514480948448181,0.5730844259262085,True,0.0,0.0,0,1463,562,0.0,0.0,,-0.0,,250.0
topk_regime_filtered_auc_gated,8,0.05,top_k_fraction,0.4852835649532375,False,0.49764999747276306,0.2514480948448181,0.5730844259262085,True,0.0,0.0,0,1463,562,0.0,0.0,,-0.0,,250.0
topk_regime_confidence_filtered_auc_gated,8,0.05,top_k_fraction,0.4852835649532375,False,0.49764999747276306,0.2514480948448181,0.5730844259262085,True,0.0,0.0,0,1463,562,0.0,0.0,,-0.0,,250.0
topk_unfiltered,8,0.075,top_k_fraction,0.4852835649532375,False,0.49764999747276306,0.2514480948448181,0.5730844259262085,True,0.42780748663101603,0.10309278350515463,187,1463,562,11.0,-7.246505291479911,45.45454545454545,-13.926891266085327,,231.88373677130022
topk_regime_filtered,8,0.075,top_k_fraction,0.4852835649532375,False,0.49764999747276306,0.2514480948448181,0.5730844259262085,True,0.45871559633027525,0.06443298969072164,109,1463,562,6.0,-3.4351587090994595,50.0,-8.298615767688823,,241.41210322725135
topk_regime_confidence_filtered,8,0.075,top_k_fraction,0.4852835649532375,False,0.49764999747276306,0.2514480948448181,0.5730844259262085,True,0.5238095238095238,0.028350515463917526,42,1463,562,4.0,10.115471467699468,100.0,-2.912680471646789,,275.28867866924867
topk_unfiltered_auc_gated,8,0.075,top_k_fraction,0.4852835649532375,False,0.49764999747276306,0.2514480948448181,0.5730844259262085,True,0.0,0.0,0,1463,562,0.0,0.0,,-0.0,,250.0
topk_regime_filtered_auc_gated,8,0.075,top_k_fraction,0.4852835649532375,False,0.49764999747276306,0.2514480948448181,0.5730844259262085,True,0.0,0.0,0,1463,562,0.0,0.0,,-0.0,,250.0
topk_regime_confidence_filtered_auc_gated,8,0.075,top_k_fraction,0.4852835649532375,False,0.49764999747276306,0.2514480948448181,0.5730844259262085,True,0.0,0.0,0,1463,562,0.0,0.0,,-0.0,,250.0
topk_unfiltered,8,0.1,top_k_fraction,0.4852835649532375,False,0.49764999747276306,0.2514480948448181,0.5730844259262085,True,0.392,0.12628865979381443,250,1463,562,12.0,-9.928550575619886,41.66666666666667,-16.34927671248132,,225.17862356095029
topk_regime_filtered,8,0.1,top_k_fraction,0.4852835649532375,False,0.49764999747276306,0.2514480948448181,0.5730844259262085,True,0.4246575342465753,0.07989690721649484,146,1463,562,7.0,-0.9127376108198177,57.14285714285714,-7.796555075982258,,247.71815597295046
topk_regime_confidence_filtered,8,0.1,top_k_fraction,0.4852835649532375,False,0.49764999747276306,0.2514480948448181,0.5730844259262085,True,0.5,0.03608247422680412,56,1463,562,4.0,10.085302814999295,100.0,-2.912691925336941,,275.21325703749824
topk_unfiltered_auc_gated,8,0.1,top_k_fraction,0.4852835649532375,False,0.49764999747276306,0.2514480948448181,0.5730844259262085,True,0.0,0.0,0,1463,562,0.0,0.0,,-0.0,,250.0
topk_regime_filtered_auc_gated,8,0.1,top_k_fraction,0.4852835649532375,False,0.49764999747276306,0.2514480948448181,0.5730844259262085,True,0.0,0.0,0,1463,562,0.0,0.0,,-0.0,,250.0
topk_regime_confidence_filtered_auc_gated,8,0.1,top_k_fraction,0.4852835649532375,False,0.49764999747276306,0.2514480948448181,0.5730844259262085,True,0.0,0.0,0,1463,562,0.0,0.0,,-0.0,,250.0
topk_unfiltered,8,0.15,top_k_fraction,0.4852835649532375,False,0.49764999747276306,0.2514480948448181,0.5730844259262085,True,0.34933333333333333,0.16881443298969073,375,1463,562,18.0,-10.39631092984015,44.44444444444444,-18.029865733314566,,224.00922267539963
topk_regime_filtered,8,0.15,top_k_fraction,0.4852835649532375,False,0.49764999747276306,0.2514480948448181,0.5730844259262085,True,0.3561643835616438,0.10051546391752578,219,1463,562,8.0,-3.8544382464796967,50.0,-8.404125682116915,,240.36390438380076
topk_regime_confidence_filtered,8,0.15,top_k_fraction,0.4852835649532375,False,0.49764999747276306,0.2514480948448181,0.5730844259262085,True,0.4880952380952381,0.05283505154639175,84,1463,562,5.0,-0.4499670078794111,60.0,-5.766524142094087,,248.87508248030147
topk_unfiltered_auc_gated,8,0.15,top_k_fraction,0.4852835649532375,False,0.49764999747276306,0.2514480948448181,0.5730844259262085,True,0.0,0.0,0,1463,562,0.0,0.0,,-0.0,,250.0
topk_regime_filtered_auc_gated,8,0.15,top_k_fraction,0.4852835649532375,False,0.49764999747276306,0.2514480948448181,0.5730844259262085,True,0.0,0.0,0,1463,562,0.0,0.0,,-0.0,,250.0
topk_regime_confidence_filtered_auc_gated,8,0.15,top_k_fraction,0.4852835649532375,False,0.49764999747276306,0.2514480948448181,0.5730844259262085,True,0.0,0.0,0,1463,562,0.0,0.0,,-0.0,,250.0
threshold_unfiltered,9,0.5,threshold,0.5289146903820816,True,0.3600519597530365,0.13675254583358765,0.40107772350311277,True,0.2757009345794392,0.1787878787878788,428,1438,556,31.0,-16.419914279699945,48.38709677419355,-17.41944334972131,,208.95021430075013
threshold_regime_filtered,9,0.5,threshold,0.5289146903820816,True,0.3600519597530365,0.13675254583358765,0.40107772350311277,True,0.23469387755102042,0.10454545454545454,294,1438,556,16.0,-16.045729546520114,43.75,-17.434480285912322,,209.88567613369972
threshold_regime_confidence_filtered,9,0.5,threshold,0.5289146903820816,True,0.3600519597530365,0.13675254583358765,0.40107772350311277,True,0.23469387755102042,0.10454545454545454,294,1438,556,16.0,-16.045729546520114,43.75,-17.434480285912322,,209.88567613369972
threshold_unfiltered_auc_gated,9,0.5,threshold,0.5289146903820816,True,0.3600519597530365,0.13675254583358765,0.40107772350311277,True,0.2757009345794392,0.1787878787878788,428,1438,556,31.0,-16.419914279699945,48.38709677419355,-17.41944334972131,,208.95021430075013
threshold_regime_filtered_auc_gated,9,0.5,threshold,0.5289146903820816,True,0.3600519597530365,0.13675254583358765,0.40107772350311277,True,0.23469387755102042,0.10454545454545454,294,1438,556,16.0,-16.045729546520114,43.75,-17.434480285912322,,209.88567613369972
threshold_regime_confidence_filtered_auc_gated,9,0.5,threshold,0.5289146903820816,True,0.3600519597530365,0.13675254583358765,0.40107772350311277,True,0.23469387755102042,0.10454545454545454,294,1438,556,16.0,-16.045729546520114,43.75,-17.434480285912322,,209.88567613369972
threshold_unfiltered,9,0.55,threshold,0.5289146903820816,True,0.3600519597530365,0.13675254583358765,0.40107772350311277,True,0.28708133971291866,0.09090909090909091,209,1438,556,22.0,-12.136179849880898,50.0,-12.721493689680408,,219.65955037529775
threshold_regime_filtered,9,0.55,threshold,0.5289146903820816,True,0.3600519597530365,0.13675254583358765,0.40107772350311277,True,0.27972027972027974,0.06060606060606061,143,1438,556,13.0,-17.426133759858214,38.46153846153847,-17.976184862457767,,206.43466560035446
threshold_regime_confidence_filtered,9,0.55,threshold,0.5289146903820816,True,0.3600519597530365,0.13675254583358765,0.40107772350311277,True,0.27972027972027974,0.06060606060606061,143,1438,556,13.0,-17.426133759858214,38.46153846153847,-17.976184862457767,,206.43466560035446
threshold_unfiltered_auc_gated,9,0.55,threshold,0.5289146903820816,True,0.3600519597530365,0.13675254583358765,0.40107772350311277,True,0.28708133971291866,0.09090909090909091,209,1438,556,22.0,-12.136179849880898,50.0,-12.721493689680408,,219.65955037529775
threshold_regime_filtered_auc_gated,9,0.55,threshold,0.5289146903820816,True,0.3600519597530365,0.13675254583358765,0.40107772350311277,True,0.27972027972027974,0.06060606060606061,143,1438,556,13.0,-17.426133759858214,38.46153846153847,-17.976184862457767,,206.43466560035446
threshold_regime_confidence_filtered_auc_gated,9,0.55,threshold,0.5289146903820816,True,0.3600519597530365,0.13675254583358765,0.40107772350311277,True,0.27972027972027974,0.06060606060606061,143,1438,556,13.0,-17.426133759858214,38.46153846153847,-17.976184862457767,,206.43466560035446
threshold_unfiltered,9,0.6000000000000001,threshold,0.5289146903820816,True,0.3600519597530365,0.13675254583358765,0.40107772350311277,True,0.33663366336633666,0.051515151515151514,101,1438,556,12.0,-6.057244328282787,58.333333333333336,-11.565846389708877,,234.85688917929303
threshold_regime_filtered,9,0.6000000000000001,threshold,0.5289146903820816,True,0.3600519597530365,0.13675254583358765,0.40107772350311277,True,0.3595505617977528,0.048484848484848485,89,1438,556,9.0,-7.907625484460278,55.55555555555556,-11.566020675226628,,230.2309362888493
threshold_regime_confidence_filtered,9,0.6000000000000001,threshold,0.5289146903820816,True,0.3600519597530365,0.13675254583358765,0.40107772350311277,True,0.3595505617977528,0.048484848484848485,89,1438,556,9.0,-7.907625484460278,55.55555555555556,-11.566020675226628,,230.2309362888493
threshold_unfiltered_auc_gated,9,0.6000000000000001,threshold,0.5289146903820816,True,0.3600519597530365,0.13675254583358765,0.40107772350311277,True,0.33663366336633666,0.051515151515151514,101,1438,556,12.0,-6.057244328282787,58.333333333333336,-11.565846389708877,,234.85688917929303
threshold_regime_filtered_auc_gated,9,0.6000000000000001,threshold,0.5289146903820816,True,0.3600519597530365,0.13675254583358765,0.40107772350311277,True,0.3595505617977528,0.048484848484848485,89,1438,556,9.0,-7.907625484460278,55.55555555555556,-11.566020675226628,,230.2309362888493
threshold_regime_confidence_filtered_auc_gated,9,0.6000000000000001,threshold,0.5289146903820816,True,0.3600519597530365,0.13675254583358765,0.40107772350311277,True,0.3595505617977528,0.048484848484848485,89,1438,556,9.0,-7.907625484460278,55.55555555555556,-11.566020675226628,,230.2309362888493
threshold_unfiltered,9,0.6500000000000001,threshold,0.5289146903820816,True,0.3600519597530365,0.13675254583358765,0.40107772350311277,True,0.4117647058823529,0.031818181818181815,51,1438,556,7.0,-7.559790081701191,57.14285714285714,-11.565889106716886,,231.10052479574702
threshold_regime_filtered,9,0.6500000000000001,threshold,0.5289146903820816,True,0.3600519597530365,0.13675254583358765,0.40107772350311277,True,0.425531914893617,0.030303030303030304,47,1438,556,6.0,-9.92727184372004,50.0,-11.566470599101564,,225.1818203906999
threshold_regime_confidence_filtered,9,0.6500000000000001,threshold,0.5289146903820816,True,0.3600519597530365,0.13675254583358765,0.40107772350311277,True,0.425531914893617,0.030303030303030304,47,1438,556,6.0,-9.92727184372004,50.0,-11.566470599101564,,225.1818203906999
threshold_unfiltered_auc_gated,9,0.6500000000000001,threshold,0.5289146903820816,True,0.3600519597530365,0.13675254583358765,0.40107772350311277,True,0.4117647058823529,0.031818181818181815,51,1438,556,7.0,-7.559790081701191,57.14285714285714,-11.565889106716886,,231.10052479574702
threshold_regime_filtered_auc_gated,9,0.6500000000000001,threshold,0.5289146903820816,True,0.3600519597530365,0.13675254583358765,0.40107772350311277,True,0.425531914893617,0.030303030303030304,47,1438,556,6.0,-9.92727184372004,50.0,-11.566470599101564,,225.1818203906999
threshold_regime_confidence_filtered_auc_gated,9,0.6500000000000001,threshold,0.5289146903820816,True,0.3600519597530365,0.13675254583358765,0.40107772350311277,True,0.425531914893617,0.030303030303030304,47,1438,556,6.0,-9.92727184372004,50.0,-11.566470599101564,,225.1818203906999
threshold_unfiltered,9,0.7000000000000002,threshold,0.5289146903820816,True,0.3600519597530365,0.13675254583358765,0.40107772350311277,True,0.36666666666666664,0.016666666666666666,30,1438,556,5.0,-12.132839575900016,40.0,-12.45279418512415,,219.66790106024996
threshold_regime_filtered,9,0.7000000000000002,threshold,0.5289146903820816,True,0.3600519597530365,0.13675254583358765,0.40107772350311277,True,0.36666666666666664,0.016666666666666666,30,1438,556,5.0,-12.132839575900016,40.0,-12.45279418512415,,219.66790106024996
threshold_regime_confidence_filtered,9,0.7000000000000002,threshold,0.5289146903820816,True,0.3600519597530365,0.13675254583358765,0.40107772350311277,True,0.36666666666666664,0.016666666666666666,30,1438,556,5.0,-12.132839575900016,40.0,-12.45279418512415,,219.66790106024996
threshold_unfiltered_auc_gated,9,0.7000000000000002,threshold,0.5289146903820816,True,0.3600519597530365,0.13675254583358765,0.40107772350311277,True,0.36666666666666664,0.016666666666666666,30,1438,556,5.0,-12.132839575900016,40.0,-12.45279418512415,,219.66790106024996
threshold_regime_filtered_auc_gated,9,0.7000000000000002,threshold,0.5289146903820816,True,0.3600519597530365,0.13675254583358765,0.40107772350311277,True,0.36666666666666664,0.016666666666666666,30,1438,556,5.0,-12.132839575900016,40.0,-12.45279418512415,,219.66790106024996
threshold_regime_confidence_filtered_auc_gated,9,0.7000000000000002,threshold,0.5289146903820816,True,0.3600519597530365,0.13675254583358765,0.40107772350311277,True,0.36666666666666664,0.016666666666666666,30,1438,556,5.0,-12.132839575900016,40.0,-12.45279418512415,,219.66790106024996
threshold_unfiltered,9,0.7500000000000002,threshold,0.5289146903820816,True,0.3600519597530365,0.13675254583358765,0.40107772350311277,True,0.35714285714285715,0.007575757575757576,14,1438,556,3.0,-11.228676065419982,33.33333333333333,-11.50188236624501,,221.92830983645004
threshold_regime_filtered,9,0.7500000000000002,threshold,0.5289146903820816,True,0.3600519597530365,0.13675254583358765,0.40107772350311277,True,0.35714285714285715,0.007575757575757576,14,1438,556,3.0,-11.228676065419982,33.33333333333333,-11.50188236624501,,221.92830983645004
threshold_regime_confidence_filtered,9,0.7500000000000002,threshold,0.5289146903820816,True,0.3600519597530365,0.13675254583358765,0.40107772350311277,True,0.35714285714285715,0.007575757575757576,14,1438,556,3.0,-11.228676065419982,33.33333333333333,-11.50188236624501,,221.92830983645004
threshold_unfiltered_auc_gated,9,0.7500000000000002,threshold,0.5289146903820816,True,0.3600519597530365,0.13675254583358765,0.40107772350311277,True,0.35714285714285715,0.007575757575757576,14,1438,556,3.0,-11.228676065419982,33.33333333333333,-11.50188236624501,,221.92830983645004
threshold_regime_filtered_auc_gated,9,0.7500000000000002,threshold,0.5289146903820816,True,0.3600519597530365,0.13675254583358765,0.40107772350311277,True,0.35714285714285715,0.007575757575757576,14,1438,556,3.0,-11.228676065419982,33.33333333333333,-11.50188236624501,,221.92830983645004
threshold_regime_confidence_filtered_auc_gated,9,0.7500000000000002,threshold,0.5289146903820816,True,0.3600519597530365,0.13675254583358765,0.40107772350311277,True,0.35714285714285715,0.007575757575757576,14,1438,556,3.0,-11.228676065419982,33.33333333333333,-11.50188236624501,,221.92830983645004
threshold_unfiltered,9,0.8000000000000003,threshold,0.5289146903820816,True,0.3600519597530365,0.13675254583358765,0.40107772350311277,True,0.0,0.0,1,1438,556,1.0,-10.60074317651995,0.0,-11.48628270351012,,223.49814205870013
threshold_regime_filtered,9,0.8000000000000003,threshold,0.5289146903820816,True,0.3600519597530365,0.13675254583358765,0.40107772350311277,True,0.0,0.0,1,1438,556,1.0,-10.60074317651995,0.0,-11.48628270351012,,223.49814205870013
threshold_regime_confidence_filtered,9,0.8000000000000003,threshold,0.5289146903820816,True,0.3600519597530365,0.13675254583358765,0.40107772350311277,True,0.0,0.0,1,1438,556,1.0,-10.60074317651995,0.0,-11.48628270351012,,223.49814205870013
threshold_unfiltered_auc_gated,9,0.8000000000000003,threshold,0.5289146903820816,True,0.3600519597530365,0.13675254583358765,0.40107772350311277,True,0.0,0.0,1,1438,556,1.0,-10.60074317651995,0.0,-11.48628270351012,,223.49814205870013
threshold_regime_filtered_auc_gated,9,0.8000000000000003,threshold,0.5289146903820816,True,0.3600519597530365,0.13675254583358765,0.40107772350311277,True,0.0,0.0,1,1438,556,1.0,-10.60074317651995,0.0,-11.48628270351012,,223.49814205870013
threshold_regime_confidence_filtered_auc_gated,9,0.8000000000000003,threshold,0.5289146903820816,True,0.3600519597530365,0.13675254583358765,0.40107772350311277,True,0.0,0.0,1,1438,556,1.0,-10.60074317651995,0.0,-11.48628270351012,,223.49814205870013
topk_unfiltered,9,0.03,top_k_fraction,0.5289146903820816,True,0.3600519597530365,0.13675254583358765,0.40107772350311277,True,0.36,0.04090909090909091,75,1438,556,11.0,-3.2005421420420817,63.63636363636363,-11.566521414563924,,241.9986446448948
topk_regime_filtered,9,0.03,top_k_fraction,0.5289146903820816,True,0.3600519597530365,0.13675254583358765,0.40107772350311277,True,0.4186046511627907,0.02727272727272727,43,1438,556,5.0,-12.204779873039923,40.0,-12.284174574369477,,219.4880503174002
topk_regime_confidence_filtered,9,0.03,top_k_fraction,0.5289146903820816,True,0.3600519597530365,0.13675254583358765,0.40107772350311277,True,0.3125,0.007575757575757576,16,1438,556,3.0,-11.804221924240096,33.33333333333333,-11.95460895463032,,220.48944518939976
topk_unfiltered_auc_gated,9,0.03,top_k_fraction,0.5289146903820816,True,0.3600519597530365,0.13675254583358765,0.40107772350311277,True,0.36,0.04090909090909091,75,1438,556,11.0,-3.2005421420420817,63.63636363636363,-11.566521414563924,,241.9986446448948
topk_regime_filtered_auc_gated,9,0.03,top_k_fraction,0.5289146903820816,True,0.3600519597530365,0.13675254583358765,0.40107772350311277,True,0.4186046511627907,0.02727272727272727,43,1438,556,5.0,-12.204779873039923,40.0,-12.284174574369477,,219.4880503174002
topk_regime_confidence_filtered_auc_gated,9,0.03,top_k_fraction,0.5289146903820816,True,0.3600519597530365,0.13675254583358765,0.40107772350311277,True,0.3125,0.007575757575757576,16,1438,556,3.0,-11.804221924240096,33.33333333333333,-11.95460895463032,,220.48944518939976
topk_unfiltered,9,0.05,top_k_fraction,0.5289146903820816,True,0.3600519597530365,0.13675254583358765,0.40107772350311277,True,0.304,0.05757575757575758,125,1438,556,16.0,-12.043202046480019,50.0,-12.432676192177784,,219.89199488379995
topk_regime_filtered,9,0.05,top_k_fraction,0.5289146903820816,True,0.3600519597530365,0.13675254583358765,0.40107772350311277,True,0.39436619718309857,0.04242424242424243,71,1438,556,9.0,-7.9072190841602605,55.55555555555556,-11.56597553832064,,230.23195228959935
topk_regime_confidence_filtered,9,0.05,top_k_fraction,0.5289146903820816,True,0.3600519597530365,0.13675254583358765,0.40107772350311277,True,0.37037037037037035,0.015151515151515152,27,1438,556,5.0,-12.132824538780005,40.0,-12.452779202759467,,219.66793865305
topk_unfiltered_auc_gated,9,0.05,top_k_fraction,0.5289146903820816,True,0.3600519597530365,0.13675254583358765,0.40107772350311277,True,0.304,0.05757575757575758,125,1438,556,16.0,-12.043202046480019,50.0,-12.432676192177784,,219.89199488379995
topk_regime_filtered_auc_gated,9,0.05,top_k_fraction,0.5289146903820816,True,0.3600519597530365,0.13675254583358765,0.40107772350311277,True,0.39436619718309857,0.04242424242424243,71,1438,556,9.0,-7.9072190841602605,55.55555555555556,-11.56597553832064,,230.23195228959935
topk_regime_confidence_filtered_auc_gated,9,0.05,top_k_fraction,0.5289146903820816,True,0.3600519597530365,0.13675254583358765,0.40107772350311277,True,0.37037037037037035,0.015151515151515152,27,1438,556,5.0,-12.132824538780005,40.0,-12.452779202759467,,219.66793865305
topk_unfiltered,9,0.075,top_k_fraction,0.5289146903820816,True,0.3600519597530365,0.13675254583358765,0.40107772350311277,True,0.29411764705882354,0.08333333333333333,187,1438,556,20.0,-16.500717362699334,45.0,-16.500717362699334,,208.74820659325167
topk_regime_filtered,9,0.075,top_k_fraction,0.5289146903820816,True,0.3600519597530365,0.13675254583358765,0.40107772350311277,True,0.32710280373831774,0.05303030303030303,107,1438,556,11.0,-17.99958924937911,36.36363636363637,-18.362688414731178,,205.00102687655223
topk_regime_confidence_filtered,9,0.075,top_k_fraction,0.5289146903820816,True,0.3600519597530365,0.13675254583358765,0.40107772350311277,True,0.3902439024390244,0.024242424242424242,41,1438,556,5.0,-12.204779873039923,40.0,-12.284174574369477,,219.4880503174002
topk_unfiltered_auc_gated,9,0.075,top_k_fraction,0.5289146903820816,True,0.3600519597530365,0.13675254583358765,0.40107772350311277,True,0.29411764705882354,0.08333333333333333,187,1438,556,20.0,-16.500717362699334,45.0,-16.500717362699334,,208.74820659325167
topk_regime_filtered_auc_gated,9,0.075,top_k_fraction,0.5289146903820816,True,0.3600519597530365,0.13675254583358765,0.40107772350311277,True,0.32710280373831774,0.05303030303030303,107,1438,556,11.0,-17.99958924937911,36.36363636363637,-18.362688414731178,,205.00102687655223
topk_regime_confidence_filtered_auc_gated,9,0.075,top_k_fraction,0.5289146903820816,True,0.3600519597530365,0.13675254583358765,0.40107772350311277,True,0.3902439024390244,0.024242424242424242,41,1438,556,5.0,-12.204779873039923,40.0,-12.284174574369477,,219.4880503174002
topk_unfiltered,9,0.1,top_k_fraction,0.5289146903820816,True,0.3600519597530365,0.13675254583358765,0.40107772350311277,True,0.272,0.10303030303030303,250,1438,556,24.0,-7.11848887800138,54.166666666666664,-11.756599287589165,,232.20377780499655
topk_regime_filtered,9,0.1,top_k_fraction,0.5289146903820816,True,0.3600519597530365,0.13675254583358765,0.40107772350311277,True,0.27972027972027974,0.06060606060606061,143,1438,556,13.0,-17.426133759858214,38.46153846153847,-17.976184862457767,,206.43466560035446
topk_regime_confidence_filtered,9,0.1,top_k_fraction,0.5289146903820816,True,0.3600519597530365,0.13675254583358765,0.40107772350311277,True,0.41818181818181815,0.03484848484848485,55,1438,556,8.0,-5.273725089700861,62.5,-11.565809465483156,,236.81568727574785
topk_unfiltered_auc_gated,9,0.1,top_k_fraction,0.5289146903820816,True,0.3600519597530365,0.13675254583358765,0.40107772350311277,True,0.272,0.10303030303030303,250,1438,556,24.0,-7.11848887800138,54.166666666666664,-11.756599287589165,,232.20377780499655
topk_regime_filtered_auc_gated,9,0.1,top_k_fraction,0.5289146903820816,True,0.3600519597530365,0.13675254583358765,0.40107772350311277,True,0.27972027972027974,0.06060606060606061,143,1438,556,13.0,-17.426133759858214,38.46153846153847,-17.976184862457767,,206.43466560035446
topk_regime_confidence_filtered_auc_gated,9,0.1,top_k_fraction,0.5289146903820816,True,0.3600519597530365,0.13675254583358765,0.40107772350311277,True,0.41818181818181815,0.03484848484848485,55,1438,556,8.0,-5.273725089700861,62.5,-11.565809465483156,,236.81568727574785
topk_unfiltered,9,0.15,top_k_fraction,0.5289146903820816,True,0.3600519597530365,0.13675254583358765,0.40107772350311277,True,0.2773333333333333,0.15757575757575756,375,1438,556,30.0,-13.750200749480587,50.0,-15.367047594974093,,215.62449812629853
topk_regime_filtered,9,0.15,top_k_fraction,0.5289146903820816,True,0.3600519597530365,0.13675254583358765,0.40107772350311277,True,0.2372093023255814,0.07727272727272727,215,1438,556,15.0,-17.605611807598688,40.0,-19.150560949009908,,205.98597048100328
topk_regime_confidence_filtered,9,0.15,top_k_fraction,0.5289146903820816,True,0.3600519597530365,0.13675254583358765,0.40107772350311277,True,0.37349397590361444,0.04696969696969697,83,1438,556,9.0,-7.9072190841602605,55.55555555555556,-11.56597553832064,,230.23195228959935
topk_unfiltered_auc_gated,9,0.15,top_k_fraction,0.5289146903820816,True,0.3600519597530365,0.13675254583358765,0.40107772350311277,True,0.2773333333333333,0.15757575757575756,375,1438,556,30.0,-13.750200749480587,50.0,-15.367047594974093,,215.62449812629853
topk_regime_filtered_auc_gated,9,0.15,top_k_fraction,0.5289146903820816,True,0.3600519597530365,0.13675254583358765,0.40107772350311277,True,0.2372093023255814,0.07727272727272727,215,1438,556,15.0,-17.605611807598688,40.0,-19.150560949009908,,205.98597048100328
topk_regime_confidence_filtered_auc_gated,9,0.15,top_k_fraction,0.5289146903820816,True,0.3600519597530365,0.13675254583358765,0.40107772350311277,True,0.37349397590361444,0.04696969696969697,83,1438,556,9.0,-7.9072190841602605,55.55555555555556,-11.56597553832064,,230.23195228959935
